-- phpMyAdmin SQL Dump
-- version 5.0.1
-- https://www.phpmyadmin.net/
--
-- Host: 127.0.0.1
-- Generation Time: May 09, 2020 at 05:06 PM
-- Server version: 10.4.11-MariaDB
-- PHP Version: 7.4.1

SET SQL_MODE = "NO_AUTO_VALUE_ON_ZERO";
SET AUTOCOMMIT = 0;
START TRANSACTION;
SET time_zone = "+00:00";


/*!40101 SET @OLD_CHARACTER_SET_CLIENT=@@CHARACTER_SET_CLIENT */;
/*!40101 SET @OLD_CHARACTER_SET_RESULTS=@@CHARACTER_SET_RESULTS */;
/*!40101 SET @OLD_COLLATION_CONNECTION=@@COLLATION_CONNECTION */;
/*!40101 SET NAMES utf8mb4 */;

--
-- Database: `ecommerce_api`
--

-- --------------------------------------------------------

--
-- Table structure for table `failed_jobs`
--

CREATE TABLE `failed_jobs` (
  `id` bigint(20) UNSIGNED NOT NULL,
  `connection` text COLLATE utf8mb4_unicode_ci NOT NULL,
  `queue` text COLLATE utf8mb4_unicode_ci NOT NULL,
  `payload` longtext COLLATE utf8mb4_unicode_ci NOT NULL,
  `exception` longtext COLLATE utf8mb4_unicode_ci NOT NULL,
  `failed_at` timestamp NOT NULL DEFAULT current_timestamp()
) ENGINE=InnoDB DEFAULT CHARSET=utf8mb4 COLLATE=utf8mb4_unicode_ci;

-- --------------------------------------------------------

--
-- Table structure for table `migrations`
--

CREATE TABLE `migrations` (
  `id` int(10) UNSIGNED NOT NULL,
  `migration` varchar(255) COLLATE utf8mb4_unicode_ci NOT NULL,
  `batch` int(11) NOT NULL
) ENGINE=InnoDB DEFAULT CHARSET=utf8mb4 COLLATE=utf8mb4_unicode_ci;

--
-- Dumping data for table `migrations`
--

INSERT INTO `migrations` (`id`, `migration`, `batch`) VALUES
(6, '2014_10_12_000000_create_users_table', 1),
(7, '2014_10_12_100000_create_password_resets_table', 1),
(8, '2019_08_19_000000_create_failed_jobs_table', 1),
(9, '2020_05_06_213425_create_products_table', 1),
(10, '2020_05_06_213953_create_reviews_table', 1);

-- --------------------------------------------------------

--
-- Table structure for table `password_resets`
--

CREATE TABLE `password_resets` (
  `email` varchar(255) COLLATE utf8mb4_unicode_ci NOT NULL,
  `token` varchar(255) COLLATE utf8mb4_unicode_ci NOT NULL,
  `created_at` timestamp NULL DEFAULT NULL
) ENGINE=InnoDB DEFAULT CHARSET=utf8mb4 COLLATE=utf8mb4_unicode_ci;

-- --------------------------------------------------------

--
-- Table structure for table `products`
--

CREATE TABLE `products` (
  `id` int(10) UNSIGNED NOT NULL,
  `name` varchar(255) COLLATE utf8mb4_unicode_ci NOT NULL,
  `detail` text COLLATE utf8mb4_unicode_ci NOT NULL,
  `price` int(11) NOT NULL,
  `stock` int(11) NOT NULL,
  `discount` int(11) NOT NULL,
  `created_at` timestamp NULL DEFAULT NULL,
  `updated_at` timestamp NULL DEFAULT NULL
) ENGINE=InnoDB DEFAULT CHARSET=utf8mb4 COLLATE=utf8mb4_unicode_ci;

--
-- Dumping data for table `products`
--

INSERT INTO `products` (`id`, `name`, `detail`, `price`, `stock`, `discount`, `created_at`, `updated_at`) VALUES
(1, 'blanditiis', 'Ut nam ipsa aut vel reiciendis. Dolor officia consectetur provident libero incidunt ut consequuntur.', 600, 2, 13, '2020-05-07 21:55:49', '2020-05-07 21:55:49'),
(2, 'omnis', 'Alias non rerum voluptas animi ex. Quis quo adipisci consequatur enim. Error veritatis aliquid quia voluptas nobis unde.', 754, 2, 4, '2020-05-07 21:55:50', '2020-05-07 21:55:50'),
(3, 'quia', 'Possimus porro velit qui vero incidunt eos repellendus. Autem pariatur est asperiores molestiae qui.', 225, 6, 9, '2020-05-07 21:55:50', '2020-05-07 21:55:50'),
(4, 'libero', 'Quis repellat et doloremque. Magni voluptatum quasi consequuntur et. Vero pariatur qui temporibus ut veritatis quos. Molestiae in nobis assumenda numquam non.', 821, 5, 11, '2020-05-07 21:55:50', '2020-05-07 21:55:50'),
(5, 'illum', 'Suscipit atque voluptas dolorem recusandae neque distinctio laborum rerum. Illo ut libero et iste. Vel enim tempore saepe blanditiis animi. Voluptas a voluptatem voluptatem voluptatem culpa.', 700, 1, 9, '2020-05-07 21:55:50', '2020-05-07 21:55:50'),
(6, 'perferendis', 'Laborum ea excepturi explicabo rerum quae eaque. Voluptatem eum et nulla sit rerum. Et quia quos beatae aut rerum.', 938, 3, 22, '2020-05-07 21:55:50', '2020-05-07 21:55:50'),
(7, 'non', 'Quidem unde non quaerat aliquam odio ut quam. Quibusdam velit qui magni sed perferendis deserunt. Incidunt error fuga optio et aliquam. Temporibus fugiat sequi consequatur sapiente numquam voluptatem dignissimos.', 431, 9, 29, '2020-05-07 21:55:50', '2020-05-07 21:55:50'),
(8, 'eveniet', 'Ex reprehenderit temporibus voluptas voluptate placeat ut nemo rem. Veniam asperiores a placeat laudantium dolorem dolorum vel. Ut voluptates ea nobis minima. Quo placeat voluptas est occaecati rem aut.', 729, 0, 27, '2020-05-07 21:55:50', '2020-05-07 21:55:50'),
(9, 'ut', 'Provident autem dolor nam excepturi ad ut et. Libero quasi veritatis voluptas. Fugit minima quisquam autem dolorem sequi dolor ut.', 797, 3, 2, '2020-05-07 21:55:50', '2020-05-07 21:55:50'),
(10, 'eveniet', 'Et dicta quas est magnam ut nisi. Et quam consectetur cumque quo. Architecto ipsam quia at perferendis voluptatem qui.', 162, 7, 29, '2020-05-07 21:55:50', '2020-05-07 21:55:50'),
(11, 'corporis', 'Odio ut voluptatibus omnis temporibus nemo. Velit eum in quia asperiores voluptas. Soluta quia ut ut unde sint.', 622, 4, 3, '2020-05-07 21:55:50', '2020-05-07 21:55:50'),
(12, 'aut', 'Dolorem sint consequatur quaerat eaque voluptatem mollitia officia. Laboriosam quia iure facere atque consequatur et eos explicabo. Nemo nihil atque dolor repellat error et commodi.', 372, 0, 30, '2020-05-07 21:55:50', '2020-05-07 21:55:50'),
(13, 'et', 'Sit dolores tempora est in nihil sint. Assumenda quas tempora sequi rerum minus maxime est. Omnis ab non consequatur.', 571, 6, 21, '2020-05-07 21:55:50', '2020-05-07 21:55:50'),
(14, 'reprehenderit', 'Exercitationem quia repellat harum voluptatem earum quasi qui amet. Quis quos ullam quo debitis esse illum. Quia autem nobis modi impedit. Molestias sunt et commodi repellendus.', 588, 3, 21, '2020-05-07 21:55:50', '2020-05-07 21:55:50'),
(15, 'sit', 'Distinctio rem sunt rerum optio. Molestias repellat voluptas et accusamus dolores. Sit quaerat non nihil qui. Doloribus provident est quasi voluptas minus qui.', 131, 6, 23, '2020-05-07 21:55:50', '2020-05-07 21:55:50'),
(16, 'quia', 'Dignissimos dolorem aut perspiciatis fugiat. Blanditiis consequatur voluptatibus maxime ea voluptas illo consequatur. Placeat hic voluptas voluptatem expedita. Est accusamus est error iste porro. Sapiente pariatur eos eligendi.', 239, 1, 15, '2020-05-07 21:55:50', '2020-05-07 21:55:50'),
(17, 'non', 'Repellendus quidem odio quis dolor. Nam ab similique voluptas reprehenderit fugit excepturi autem. Sapiente possimus id dolorem ut eos in. Nemo et similique ab fugit cupiditate dolores pariatur. Dolor rerum occaecati nesciunt.', 807, 4, 11, '2020-05-07 21:55:50', '2020-05-07 21:55:50'),
(18, 'ullam', 'Fugiat reiciendis aspernatur quia beatae dolor. Aut incidunt perferendis hic excepturi modi sequi. Rerum consequatur laboriosam qui magni dolor ea repellat.', 896, 7, 23, '2020-05-07 21:55:50', '2020-05-07 21:55:50'),
(19, 'quos', 'Odio omnis molestiae voluptatem ipsam dolorum ut. Corporis quis pariatur beatae eaque. Necessitatibus dolores mollitia aut aut natus ex voluptatibus sed.', 128, 5, 9, '2020-05-07 21:55:50', '2020-05-07 21:55:50'),
(20, 'harum', 'Et a molestiae molestiae qui inventore ut suscipit laborum. Et eos distinctio beatae rerum similique culpa. Cumque suscipit voluptatem sapiente blanditiis molestiae consequatur voluptatem. Dolores iusto omnis tempore molestiae placeat sequi deserunt. Saepe dolorem sint minus eveniet.', 339, 8, 13, '2020-05-07 21:55:50', '2020-05-07 21:55:50'),
(21, 'eum', 'Voluptate dolores nihil ab non laboriosam non. Modi sapiente placeat minima perferendis quo. Aliquid unde eaque modi suscipit laboriosam perspiciatis. Ut eius dolore nesciunt nobis dolorem est vel. Fugiat molestiae aliquid sed.', 319, 7, 27, '2020-05-07 21:55:50', '2020-05-07 21:55:50'),
(22, 'dolor', 'Et ut ut molestiae consequatur vitae sequi. Quos ut nihil ex velit. Cupiditate rem rerum et nam.', 787, 5, 27, '2020-05-07 21:55:50', '2020-05-07 21:55:50'),
(23, 'rerum', 'Neque quo neque atque. Aut tempore eos aut accusamus.', 769, 5, 28, '2020-05-07 21:55:51', '2020-05-07 21:55:51'),
(24, 'sint', 'Necessitatibus sint iure laborum. Recusandae iure enim consectetur quos nihil quis. Hic exercitationem dicta minus dolore. Similique ad quis ut assumenda est odio.', 640, 0, 7, '2020-05-07 21:55:51', '2020-05-07 21:55:51'),
(25, 'consequatur', 'Et earum sint natus modi placeat. Ratione qui est maxime dicta expedita a. Dolorem nostrum quos placeat voluptatem illum sapiente. Tempora quia omnis dolorum.', 816, 4, 19, '2020-05-07 21:55:51', '2020-05-07 21:55:51'),
(26, 'alias', 'A voluptatem explicabo sint id. Ipsa architecto adipisci voluptatem adipisci ut rerum quia. Possimus ipsam tenetur velit est animi earum assumenda.', 214, 4, 23, '2020-05-07 21:55:51', '2020-05-07 21:55:51'),
(27, 'odit', 'Autem doloribus natus aut quaerat ea facere vel et. Voluptatem qui rerum ut et minima sint dolores. Officia velit ipsam blanditiis tempora consectetur ipsa.', 522, 4, 5, '2020-05-07 21:55:51', '2020-05-07 21:55:51'),
(28, 'quidem', 'Voluptas magnam rerum nesciunt rerum. Fugiat distinctio est quos cupiditate et. Vel vitae tenetur mollitia totam facilis distinctio. Dolorum totam repudiandae fugiat doloribus quibusdam porro.', 772, 4, 6, '2020-05-07 21:55:51', '2020-05-07 21:55:51'),
(29, 'a', 'Et aut dolorum repellendus vitae dolorem. Nisi quia sunt nemo quas voluptas quidem enim. Aut cupiditate eum qui.', 191, 9, 17, '2020-05-07 21:55:51', '2020-05-07 21:55:51'),
(30, 'earum', 'Consequatur praesentium quia soluta voluptatum sit aut quo. Quos omnis incidunt qui sequi dolorum error unde. Dolore voluptas aut doloribus est quibusdam quibusdam est. Et aliquam in quos sunt et eos.', 719, 3, 19, '2020-05-07 21:55:51', '2020-05-07 21:55:51'),
(31, 'commodi', 'Iste maiores provident voluptas quia voluptatum. Quam velit libero nihil magnam beatae voluptatem eaque. Nesciunt veritatis et quasi iure nihil debitis repellendus.', 480, 2, 12, '2020-05-07 21:55:51', '2020-05-07 21:55:51'),
(32, 'autem', 'Qui consectetur nisi soluta numquam. Id perferendis sit iusto. Ut distinctio natus eligendi et.', 972, 3, 23, '2020-05-07 21:55:51', '2020-05-07 21:55:51'),
(33, 'quo', 'Ea distinctio et quia nemo quod qui. Recusandae dolorem autem sit omnis voluptate nam. Officia vero pariatur ipsa nihil dicta consequatur.', 880, 1, 5, '2020-05-07 21:55:51', '2020-05-07 21:55:51'),
(34, 'eos', 'Sed alias sed repellendus aperiam voluptate ea saepe. Dolore corrupti nulla omnis voluptate. Est ab ut et accusamus in.', 200, 9, 22, '2020-05-07 21:55:51', '2020-05-07 21:55:51'),
(35, 'rerum', 'Vel quae consequatur voluptatem magnam dolor non. Unde placeat iste qui nihil aut. A et similique commodi neque omnis quia. In aliquam consequatur amet.', 241, 3, 23, '2020-05-07 21:55:51', '2020-05-07 21:55:51'),
(36, 'est', 'Qui ea maxime itaque similique tempore repellat vel. Quam et nisi temporibus ea aliquam earum ut. Repudiandae aut tempore non quas fugit ab sunt eius. Adipisci ut non voluptatem et est. Eveniet reprehenderit veniam ut excepturi.', 633, 8, 8, '2020-05-07 21:55:51', '2020-05-07 21:55:51'),
(37, 'aut', 'Harum distinctio qui assumenda voluptatem perspiciatis in et. Provident est quis voluptatem doloremque et unde voluptas. Eligendi doloribus recusandae molestiae libero corrupti et. Ad aliquid blanditiis repudiandae nam ad.', 335, 1, 10, '2020-05-07 21:55:51', '2020-05-07 21:55:51'),
(38, 'beatae', 'Doloribus facere consequuntur sit fugiat consequuntur. Autem architecto est odio laboriosam quae sunt nobis. Ut sint explicabo et tempore repudiandae earum fugit. Omnis ipsum rem reiciendis natus dolores.', 334, 2, 17, '2020-05-07 21:55:51', '2020-05-07 21:55:51'),
(39, 'fugit', 'Ea ex voluptatem ut minima. Molestias minima qui facere qui. Quod quaerat necessitatibus ipsa officia rerum eum quae. Eius qui nulla a quam porro.', 892, 6, 22, '2020-05-07 21:55:52', '2020-05-07 21:55:52'),
(40, 'incidunt', 'Aperiam dicta velit aut et tempore. Laudantium maxime ipsa totam excepturi magni maxime. Molestiae ea laboriosam quae sunt ut voluptatem rerum. Sit quod quia ipsum sequi.', 113, 7, 20, '2020-05-07 21:55:52', '2020-05-07 21:55:52'),
(41, 'id', 'Ducimus pariatur eaque vel est at. Ut et accusamus dolorem ut occaecati sed id reiciendis. Nostrum ut ut repellat quaerat. Molestiae enim at necessitatibus ut. Magnam voluptatum cum qui expedita.', 648, 5, 2, '2020-05-07 21:55:52', '2020-05-07 21:55:52'),
(42, 'ipsa', 'Asperiores ea molestiae dicta ut. Excepturi libero saepe eum dicta. Quis consequatur labore impedit quia perspiciatis aut.', 790, 3, 23, '2020-05-07 21:55:52', '2020-05-07 21:55:52'),
(43, 'ducimus', 'Totam laboriosam provident et ratione provident. Provident ut a accusamus. Ex quam qui sunt aliquid labore sint quia facilis.', 294, 0, 23, '2020-05-07 21:55:52', '2020-05-07 21:55:52'),
(44, 'molestias', 'Quia veritatis eum ratione aliquid omnis. Voluptatem nihil laborum aut repellendus tenetur maxime repellendus. Velit repudiandae labore et et iusto quae et.', 199, 5, 24, '2020-05-07 21:55:52', '2020-05-07 21:55:52'),
(45, 'nam', 'Repudiandae accusantium commodi sed doloribus. Voluptas perspiciatis nesciunt quia quam eius. Aut quo aut ea accusantium. Temporibus aspernatur laudantium sapiente odio aliquid hic inventore.', 125, 0, 12, '2020-05-07 21:55:52', '2020-05-07 21:55:52'),
(46, 'voluptatum', 'Est quas aut laborum necessitatibus commodi sit. Consequatur modi adipisci ea. Vero quis modi eos est est consectetur est. Quis ipsam facilis ex assumenda et qui magnam. Tempore deleniti qui accusantium necessitatibus ut.', 558, 4, 19, '2020-05-07 21:55:52', '2020-05-07 21:55:52'),
(47, 'rerum', 'Voluptatum sequi ut ratione beatae non. Porro nostrum iure ipsum voluptas. Eum hic et error illo aut. Unde sint laborum aut autem itaque natus laudantium voluptate.', 323, 6, 11, '2020-05-07 21:55:52', '2020-05-07 21:55:52'),
(48, 'dolor', 'Voluptates pariatur laudantium ea doloremque. Sint sit animi accusamus quaerat ipsum. Sint facilis dolore totam facilis. Eius rerum rerum aliquam voluptas quam. Voluptatem earum accusamus suscipit dolores qui perspiciatis animi omnis.', 458, 0, 4, '2020-05-07 21:55:52', '2020-05-07 21:55:52'),
(49, 'dolorem', 'Quia quidem eos voluptatibus. Repudiandae nisi harum ipsum. Dicta praesentium sunt delectus a.', 200, 3, 8, '2020-05-07 21:55:52', '2020-05-07 21:55:52'),
(50, 'occaecati', 'Eum ut voluptates illo modi eveniet. Minima enim architecto nobis dolore. Ut eveniet non dignissimos nobis provident.', 599, 3, 26, '2020-05-07 21:55:52', '2020-05-07 21:55:52'),
(51, 'ut', 'Ut voluptatem aperiam qui sapiente rerum. A numquam distinctio et quibusdam molestiae omnis adipisci quae. Eius minima rerum ut aut sit necessitatibus. Rerum quia ullam dolores omnis ut aut ad.', 843, 4, 25, '2020-05-09 12:38:16', '2020-05-09 12:38:16'),
(52, 'sapiente', 'Voluptatem consequatur laudantium sunt voluptas alias. Et vitae error et id autem nobis distinctio. Quidem earum asperiores perferendis voluptatibus.', 376, 5, 7, '2020-05-09 12:38:17', '2020-05-09 12:38:17'),
(53, 'aut', 'Sequi necessitatibus sit impedit maiores eaque. Numquam nesciunt alias quasi. Consequatur a architecto quisquam nihil a ut. Voluptatum in rem velit error.', 193, 9, 7, '2020-05-09 12:38:17', '2020-05-09 12:38:17'),
(54, 'quia', 'Quo soluta quibusdam dicta provident sunt. At ea voluptate nam sit. Aperiam aspernatur voluptas non blanditiis aut itaque voluptas. Dolorem cum sapiente vero architecto in voluptates eveniet.', 494, 9, 21, '2020-05-09 12:38:17', '2020-05-09 12:38:17'),
(55, 'adipisci', 'Error sint debitis et dicta. Aliquid quod quae culpa iusto voluptatem accusantium distinctio. Est rem consequatur cum in aut et suscipit. Consequatur quis voluptatibus quis asperiores ut. Est modi quam dolore veniam dignissimos.', 521, 7, 5, '2020-05-09 12:38:17', '2020-05-09 12:38:17'),
(56, 'accusantium', 'Modi incidunt harum doloremque quasi molestiae et expedita. Magnam inventore aliquam iure modi. Perferendis minus ut numquam quisquam eaque et. Dolores repellendus vitae nostrum ut corrupti.', 815, 0, 24, '2020-05-09 12:38:18', '2020-05-09 12:38:18'),
(57, 'vitae', 'Commodi laudantium aliquam delectus. Rerum facere odit veritatis corrupti laboriosam quisquam unde. Necessitatibus culpa eligendi quia est hic ullam ut ipsam.', 539, 1, 12, '2020-05-09 12:38:18', '2020-05-09 12:38:18'),
(58, 'similique', 'Quo quibusdam fugiat est eum error excepturi. Et cum minima eum a autem excepturi non. Hic eveniet dolorem modi.', 473, 3, 13, '2020-05-09 12:38:18', '2020-05-09 12:38:18'),
(59, 'sapiente', 'Quis consequatur ab porro necessitatibus cumque sunt libero. Aperiam vel voluptas aliquam quia et. Vel ipsum aperiam occaecati.', 220, 3, 2, '2020-05-09 12:38:18', '2020-05-09 12:38:18'),
(60, 'quo', 'Consequatur aut eveniet sed iusto distinctio. Est minima quas reiciendis cum quis qui omnis. Voluptas inventore nulla quia eum aut.', 418, 2, 25, '2020-05-09 12:38:18', '2020-05-09 12:38:18'),
(61, 'a', 'Dolore vel consectetur harum quo est. Dolorem voluptatum officia iure in nemo. Voluptas ea vel vero sit id dolorem. Quas in dolor veniam unde quaerat vel.', 933, 5, 25, '2020-05-09 12:38:18', '2020-05-09 12:38:18'),
(62, 'quisquam', 'Vel qui animi doloribus omnis maxime. Est magnam autem rerum modi. Dignissimos accusamus ullam ad expedita. Iure beatae velit odit.', 982, 1, 6, '2020-05-09 12:38:18', '2020-05-09 12:38:18'),
(63, 'maxime', 'Eius totam nesciunt laborum quod. Assumenda sequi totam itaque sed alias voluptatem rerum. Ad voluptas magnam exercitationem corrupti dignissimos natus. Iure qui pariatur enim ea. Eveniet optio aliquam quia vitae quidem aut.', 588, 5, 26, '2020-05-09 12:38:18', '2020-05-09 12:38:18'),
(64, 'quo', 'Et quos natus ut eveniet at eveniet. Illum dolor quasi sit atque. Sed quia et amet sunt. Distinctio ut qui blanditiis voluptatem voluptatem nesciunt.', 859, 2, 11, '2020-05-09 12:38:18', '2020-05-09 12:38:18'),
(65, 'facilis', 'Animi quod alias autem amet consequatur. Quasi quia ea perspiciatis. Repellat ad nesciunt sit dicta.', 244, 8, 14, '2020-05-09 12:38:18', '2020-05-09 12:38:18'),
(66, 'esse', 'Labore ea alias beatae incidunt. Illum provident possimus sunt recusandae qui quia. Vel facere voluptas et unde asperiores aspernatur quidem. Ad qui asperiores dolores qui et qui.', 362, 5, 18, '2020-05-09 12:38:18', '2020-05-09 12:38:18'),
(67, 'qui', 'Tenetur dolor vel consequatur quos ratione est. Numquam sit non quaerat est. Aut ullam corporis et ut nam at.', 543, 0, 15, '2020-05-09 12:38:18', '2020-05-09 12:38:18'),
(68, 'laboriosam', 'Voluptates et quam ab distinctio sunt sed. Culpa aut at nulla porro quaerat libero dolores. Optio nisi hic eius sint. Et doloremque repellat quo voluptatem necessitatibus porro.', 739, 0, 24, '2020-05-09 12:38:18', '2020-05-09 12:38:18'),
(69, 'omnis', 'Nesciunt facilis aut aliquam. Error consequatur unde provident. Consequatur earum ad fuga aut qui sed fugit.', 920, 8, 27, '2020-05-09 12:38:19', '2020-05-09 12:38:19'),
(70, 'consequatur', 'Quod tempora perspiciatis laboriosam iusto et cupiditate omnis. Aspernatur asperiores tempore minus voluptatem id ut. Tenetur ut consequuntur nobis porro et. Illo nihil modi libero architecto expedita.', 640, 8, 7, '2020-05-09 12:38:19', '2020-05-09 12:38:19'),
(71, 'in', 'Fugit tenetur quos recusandae tempore nesciunt sed. Adipisci ipsa sed et dicta est architecto quo officia. Numquam consequatur quis in laboriosam quia sequi.', 263, 8, 5, '2020-05-09 12:38:19', '2020-05-09 12:38:19'),
(72, 'error', 'At quae rem porro necessitatibus et omnis unde. Recusandae molestiae quo repudiandae. Maxime placeat laborum assumenda vel suscipit quaerat.', 455, 4, 26, '2020-05-09 12:38:19', '2020-05-09 12:38:19'),
(73, 'sed', 'Numquam quod officia corporis rem aut. Autem enim accusantium beatae dolor nihil. Corporis porro incidunt error. Veritatis et ea ad recusandae et nesciunt.', 283, 3, 27, '2020-05-09 12:38:19', '2020-05-09 12:38:19'),
(74, 'commodi', 'Ex ut aut nostrum exercitationem vero rerum. Et necessitatibus veniam nesciunt voluptatum. Ea ab minima exercitationem quaerat qui autem. Ullam ut inventore nisi ad non eligendi.', 980, 4, 21, '2020-05-09 12:38:19', '2020-05-09 12:38:19'),
(75, 'eius', 'Eius impedit ducimus inventore rerum nobis. Est occaecati minima ducimus beatae modi eius. Consectetur saepe cum consequuntur ipsum.', 440, 8, 2, '2020-05-09 12:38:19', '2020-05-09 12:38:19'),
(76, 'est', 'Enim sapiente non et iusto omnis. Voluptatem blanditiis dolorem voluptatibus.', 726, 6, 15, '2020-05-09 12:38:19', '2020-05-09 12:38:19'),
(77, 'voluptatum', 'Est perspiciatis nemo quibusdam odio ea veritatis ullam. Magnam adipisci autem odit est voluptas cumque. Voluptatem maiores dolores sit ut reprehenderit ut.', 579, 0, 5, '2020-05-09 12:38:19', '2020-05-09 12:38:19'),
(78, 'atque', 'Ut exercitationem et saepe similique ea enim quis autem. Rerum consectetur maxime et ut et. Sed eaque dolor cumque esse rerum. Dolorem odit est omnis perferendis nobis.', 570, 6, 18, '2020-05-09 12:38:19', '2020-05-09 12:38:19'),
(79, 'voluptas', 'Adipisci asperiores libero est a est debitis. Nulla ea et doloribus tenetur. Incidunt excepturi nulla molestiae. Incidunt nemo reprehenderit non.', 615, 6, 26, '2020-05-09 12:38:19', '2020-05-09 12:38:19'),
(80, 'et', 'Porro totam labore dolorem id eum. Necessitatibus eum modi et eos voluptatem doloribus.', 905, 5, 17, '2020-05-09 12:38:19', '2020-05-09 12:38:19'),
(81, 'maiores', 'Et incidunt voluptatem aliquam facere totam et. Hic explicabo quisquam explicabo ut sunt. Enim veniam consequuntur quam nihil.', 865, 6, 10, '2020-05-09 12:38:19', '2020-05-09 12:38:19'),
(82, 'aut', 'A dignissimos dolor aut delectus modi dignissimos et consequatur. Vel nisi aspernatur quae beatae. Qui et est quo ea voluptatibus ut. Necessitatibus numquam quas temporibus eum non.', 202, 4, 12, '2020-05-09 12:38:19', '2020-05-09 12:38:19'),
(83, 'dolorem', 'Illo architecto consectetur quod voluptatum voluptas. Minima nihil laboriosam odit animi. Iure nobis beatae est eum rerum unde. Repudiandae omnis modi et qui.', 841, 5, 13, '2020-05-09 12:38:20', '2020-05-09 12:38:20'),
(84, 'ab', 'Saepe et numquam commodi. Beatae recusandae architecto aspernatur eius nam in cupiditate. Cum ut ullam sit. Ex sed et a dolores optio et iste.', 520, 2, 26, '2020-05-09 12:38:20', '2020-05-09 12:38:20'),
(85, 'quia', 'Vero autem sed delectus quibusdam ipsam. Impedit quisquam veritatis est et. Corporis veniam quam delectus in sint. In libero repudiandae rem minima est vel.', 396, 4, 5, '2020-05-09 12:38:20', '2020-05-09 12:38:20'),
(86, 'est', 'Sunt temporibus vitae nesciunt itaque odio ex. Fugit illum autem eius aut. Dolorem earum reprehenderit eveniet qui nostrum illum ullam. Iusto sunt enim odio alias autem magni. Doloribus itaque voluptatem tenetur nemo temporibus aut temporibus.', 643, 8, 25, '2020-05-09 12:38:20', '2020-05-09 12:38:20'),
(87, 'qui', 'Voluptatem iure perspiciatis optio molestias. Est et rem quibusdam minima voluptatum. Molestias illum accusamus nihil nulla omnis.', 177, 3, 25, '2020-05-09 12:38:20', '2020-05-09 12:38:20'),
(88, 'vero', 'Quae quia molestias possimus. Officiis non eos doloribus rerum. Repellendus aut maiores consequatur rerum aspernatur totam esse expedita. Accusantium eaque labore aspernatur asperiores laborum.', 848, 6, 21, '2020-05-09 12:38:20', '2020-05-09 12:38:20'),
(89, 'voluptas', 'Sed sunt culpa ea dolores harum. Ut architecto numquam assumenda et.', 796, 8, 13, '2020-05-09 12:38:20', '2020-05-09 12:38:20'),
(90, 'quisquam', 'Quidem veritatis amet aut aut ipsam neque quis quis. Hic reprehenderit nobis quisquam veritatis sed qui alias. Officia rerum vitae omnis quam est necessitatibus quis.', 527, 8, 28, '2020-05-09 12:38:20', '2020-05-09 12:38:20'),
(91, 'sed', 'Omnis quia corrupti ut esse. Dignissimos nemo ut dolor aliquam vitae assumenda libero aliquam. Ea temporibus inventore iste et nihil et dolore.', 236, 4, 23, '2020-05-09 12:38:20', '2020-05-09 12:38:20'),
(92, 'voluptatem', 'Quo vel aut qui tenetur est ad enim officiis. Dolores et numquam quia quaerat. Et eum labore sint eum. Enim eum cum et ea.', 998, 2, 7, '2020-05-09 12:38:20', '2020-05-09 12:38:20'),
(93, 'est', 'Ut eligendi non modi soluta eius. Necessitatibus harum in inventore mollitia. Esse at voluptas tempora consequatur voluptates officia et.', 223, 8, 8, '2020-05-09 12:38:20', '2020-05-09 12:38:20'),
(94, 'cumque', 'Aspernatur odio labore tempora perspiciatis sit. Laudantium eos facilis est omnis. Minima itaque accusantium sit iure alias.', 785, 9, 7, '2020-05-09 12:38:20', '2020-05-09 12:38:20'),
(95, 'quis', 'Provident quidem vel ipsum quia et tempore. Culpa tempora at quaerat. Id facilis cumque aut perferendis doloremque aut qui.', 157, 6, 16, '2020-05-09 12:38:20', '2020-05-09 12:38:20'),
(96, 'vel', 'Dolorem accusamus ipsam nam fuga et. Tempora hic voluptatem debitis consectetur. Corporis repudiandae quas consequatur fugit quasi quibusdam. Sit nam consequatur veritatis at.', 622, 1, 18, '2020-05-09 12:38:20', '2020-05-09 12:38:20'),
(97, 'voluptatem', 'Iusto sint animi labore eum. Nam at incidunt vel quo dolores. Ea qui voluptatem at saepe est ducimus.', 310, 0, 12, '2020-05-09 12:38:20', '2020-05-09 12:38:20'),
(98, 'dolores', 'Quasi in exercitationem deleniti sint sint provident deserunt. Quaerat repellendus commodi voluptatibus temporibus iste quas natus. Vitae commodi odio rem officiis dolorum.', 646, 5, 27, '2020-05-09 12:38:20', '2020-05-09 12:38:20'),
(99, 'aliquam', 'Dolorem sunt nostrum at saepe. Earum cupiditate ad dolor quae dignissimos cum ut.', 233, 1, 20, '2020-05-09 12:38:20', '2020-05-09 12:38:20'),
(100, 'alias', 'Tempore expedita rerum quisquam a vel architecto maiores. Nemo quia et quae recusandae. Rerum porro quasi et non.', 727, 5, 19, '2020-05-09 12:38:20', '2020-05-09 12:38:20');

-- --------------------------------------------------------

--
-- Table structure for table `reviews`
--

CREATE TABLE `reviews` (
  `id` bigint(20) UNSIGNED NOT NULL,
  `product_id` int(10) UNSIGNED NOT NULL,
  `customer` varchar(255) COLLATE utf8mb4_unicode_ci NOT NULL,
  `review` text COLLATE utf8mb4_unicode_ci NOT NULL,
  `star` int(11) NOT NULL,
  `created_at` timestamp NULL DEFAULT NULL,
  `updated_at` timestamp NULL DEFAULT NULL
) ENGINE=InnoDB DEFAULT CHARSET=utf8mb4 COLLATE=utf8mb4_unicode_ci;

--
-- Dumping data for table `reviews`
--

INSERT INTO `reviews` (`id`, `product_id`, `customer`, `review`, `star`, `created_at`, `updated_at`) VALUES
(1, 7, 'Lizzie Rogahn', 'Error vitae ab quaerat ut est. Repellat vitae quod inventore provident repellendus iure dolores. Enim ex nulla voluptatum qui placeat. Sed rerum cum commodi.', 3, '2020-05-09 12:38:24', '2020-05-09 12:38:24'),
(2, 100, 'Harold Schaefer', 'Quis omnis ratione neque et consectetur. Facilis reprehenderit nemo inventore temporibus. Ut at quo vitae. Atque occaecati repellat rerum sapiente quis sed.', 5, '2020-05-09 12:38:24', '2020-05-09 12:38:24'),
(3, 69, 'Brock Bailey', 'Aperiam ratione molestiae eius optio nobis aut distinctio. Quia voluptatem dolores sunt accusamus voluptatem. Deserunt tempore iusto minima libero.', 1, '2020-05-09 12:38:24', '2020-05-09 12:38:24'),
(4, 57, 'Shanon Wunsch', 'Aliquid cum adipisci dolores. Sit numquam ab et dolores ipsum eligendi nesciunt. Sunt sequi voluptas ullam quaerat sint ducimus quia dolorum.', 5, '2020-05-09 12:38:24', '2020-05-09 12:38:24'),
(5, 95, 'Giovanni Mayer MD', 'Neque et ad omnis labore. Ut qui nam et voluptatem. Amet corporis at magni quas ea qui. Perferendis aut accusantium asperiores ut.', 1, '2020-05-09 12:38:24', '2020-05-09 12:38:24'),
(6, 65, 'Paula Pfeffer', 'Quia corrupti sed consequuntur fugiat alias necessitatibus inventore nihil. Incidunt id omnis ducimus assumenda dolores ad accusantium. Sit in placeat delectus et voluptatum quis nemo.', 0, '2020-05-09 12:38:24', '2020-05-09 12:38:24'),
(7, 22, 'Loren Langosh', 'Sit eum dignissimos nam enim sint optio fuga ad. Quis ad qui accusamus dolores rerum qui temporibus laboriosam. Qui doloremque est similique quae. Aut incidunt vitae ad saepe.', 1, '2020-05-09 12:38:24', '2020-05-09 12:38:24'),
(8, 40, 'Kamille Krajcik', 'Reprehenderit modi atque qui ut qui nobis sunt. Dolores omnis cumque sed voluptas sunt.', 5, '2020-05-09 12:38:24', '2020-05-09 12:38:24'),
(9, 58, 'Julio McKenzie', 'Est ex nostrum magni quos. Hic amet illo architecto non. Libero est ut repellat odit nam. Saepe blanditiis quo animi laudantium aut molestias.', 1, '2020-05-09 12:38:24', '2020-05-09 12:38:24'),
(10, 86, 'Kathryne Morar', 'Ab facere eaque similique quae. Et culpa doloremque velit commodi rem.', 0, '2020-05-09 12:38:24', '2020-05-09 12:38:24'),
(11, 34, 'Adan Kunde', 'Expedita aut sit veniam et atque deserunt et. Sapiente qui officia voluptas provident et. Non est quia et omnis voluptas quibusdam. Sint illo repudiandae assumenda qui perferendis repellendus.', 1, '2020-05-09 12:38:24', '2020-05-09 12:38:24'),
(12, 77, 'Ms. Millie VonRueden', 'Sed ullam occaecati quod corrupti non odio cupiditate. Voluptas est consequatur dolorem.', 3, '2020-05-09 12:38:24', '2020-05-09 12:38:24'),
(13, 70, 'Prof. Sterling Rolfson Jr.', 'Nemo aut facilis quisquam ex. Dolores ut sit nobis inventore quia ut reprehenderit. Repudiandae in hic et.', 0, '2020-05-09 12:38:24', '2020-05-09 12:38:24'),
(14, 13, 'Anastasia Baumbach', 'Officiis quasi autem sunt accusamus recusandae ab. Sit eligendi qui sint. Et fuga exercitationem eum at expedita repellendus. Numquam nesciunt necessitatibus placeat est.', 3, '2020-05-09 12:38:24', '2020-05-09 12:38:24'),
(15, 66, 'Natalie Jaskolski', 'Quam dolor numquam rem fugit praesentium. Qui assumenda fugiat et. Temporibus in explicabo adipisci. Rerum iste incidunt voluptatibus.', 3, '2020-05-09 12:38:24', '2020-05-09 12:38:24'),
(16, 99, 'Prof. Marlon Kozey', 'Dicta facilis excepturi id accusamus ipsa ea minima dolorem. Velit quis et quaerat ut corrupti autem. Sit temporibus assumenda iusto in dolore vitae sit.', 4, '2020-05-09 12:38:24', '2020-05-09 12:38:24'),
(17, 84, 'Bethel Schuster', 'Adipisci commodi et quasi omnis reprehenderit et possimus. At laudantium velit et amet vitae qui. Commodi sunt numquam ut dolorum minima quia. Et voluptatem et corporis aut consequuntur beatae. Et et est unde ipsum facere voluptas.', 0, '2020-05-09 12:38:24', '2020-05-09 12:38:24'),
(18, 77, 'Wyatt Kassulke', 'Voluptas natus atque praesentium alias autem. Explicabo neque aut ullam assumenda tempora cupiditate quasi. Sunt consequatur pariatur rerum esse. Minus voluptas enim quia at dolorum similique.', 1, '2020-05-09 12:38:24', '2020-05-09 12:38:24'),
(19, 26, 'Bettie Goyette III', 'Veniam doloribus molestiae pariatur iste soluta nemo. Quia sint numquam minima doloribus. Est molestias qui ut adipisci.', 5, '2020-05-09 12:38:24', '2020-05-09 12:38:24'),
(20, 85, 'Tressa Schmidt', 'Et itaque error doloremque alias voluptates quisquam vitae. Nemo omnis tempore facilis sunt. Illum deserunt natus qui soluta quibusdam omnis eaque.', 1, '2020-05-09 12:38:24', '2020-05-09 12:38:24'),
(21, 88, 'Verla Von', 'Debitis rerum ab sint aliquam ullam ipsum. Optio sit ipsum velit laudantium accusantium deserunt quo. Saepe soluta eum sunt voluptas maxime.', 4, '2020-05-09 12:38:24', '2020-05-09 12:38:24'),
(22, 39, 'Vincenzo Kris', 'Sed sed odit similique eos maiores illum debitis. Nesciunt ducimus reprehenderit occaecati voluptatem iusto quisquam molestiae. Voluptatem ea id ab praesentium. Ratione possimus consectetur dignissimos odit consequuntur velit sunt.', 2, '2020-05-09 12:38:24', '2020-05-09 12:38:24'),
(23, 77, 'Terence Kuhic', 'Omnis et non illum sed. Maiores nisi deserunt facilis et. Neque iusto omnis modi velit est repellat molestiae expedita. Quisquam repellendus blanditiis est consequatur mollitia sit officia. Autem voluptatem voluptas unde consequatur praesentium qui ipsa placeat.', 0, '2020-05-09 12:38:24', '2020-05-09 12:38:24'),
(24, 75, 'Jaiden Stiedemann', 'Nulla veniam ipsum occaecati qui. Fugit voluptate consequatur id explicabo deleniti ullam. Iusto illo id a error.', 3, '2020-05-09 12:38:24', '2020-05-09 12:38:24'),
(25, 17, 'Valerie Glover', 'Aut labore ipsa voluptate. Commodi quam ut voluptas omnis asperiores in. Ut eaque non assumenda rem dolore tempora fuga. Placeat dolor dolores consequatur aut accusamus ut dolores.', 3, '2020-05-09 12:38:24', '2020-05-09 12:38:24'),
(26, 31, 'Raymundo Stehr', 'Iste minima vero est ab maiores dicta animi. Modi sit sapiente dicta natus veniam aut corrupti. Repudiandae velit voluptatem non quam at deleniti. Quia nisi numquam nesciunt facere occaecati.', 3, '2020-05-09 12:38:24', '2020-05-09 12:38:24'),
(27, 17, 'Chandler Wintheiser III', 'Ab sit explicabo qui et et. Culpa labore officiis architecto.', 3, '2020-05-09 12:38:24', '2020-05-09 12:38:24'),
(28, 23, 'Ken Connelly', 'Dolore ullam earum ad veniam eligendi. Et voluptatum sint recusandae error. Non aut tempore ea tenetur non. Et beatae omnis et.', 1, '2020-05-09 12:38:24', '2020-05-09 12:38:24'),
(29, 42, 'Catherine Hettinger', 'Facilis animi et ut est porro quis. Sit quia aut velit non facere sint. Ullam aperiam ipsa quibusdam quo qui. Aspernatur in quibusdam nihil tempore velit. Illum iste a pariatur delectus.', 1, '2020-05-09 12:38:24', '2020-05-09 12:38:24'),
(30, 29, 'Antonia Bailey', 'Voluptas eum aut et excepturi esse veniam est. Odio corporis voluptatibus totam blanditiis iure earum quas et. Sed qui et omnis tempora suscipit dicta et. Ex rerum enim quidem ea rerum aut occaecati.', 0, '2020-05-09 12:38:25', '2020-05-09 12:38:25'),
(31, 97, 'Ole O\'Conner', 'Aut fugit ducimus quis pariatur qui minus tenetur. Aperiam dolorum vero id labore sed voluptates esse. Et non et aut asperiores quidem veniam ullam et. Voluptatem aut et unde omnis. Tenetur consequuntur voluptatem accusantium quaerat repellat voluptatum.', 2, '2020-05-09 12:38:25', '2020-05-09 12:38:25'),
(32, 42, 'Rowena Kunze', 'Tenetur dicta a debitis et. Pariatur repellendus accusamus omnis. Tempora qui dolor quo.', 5, '2020-05-09 12:38:25', '2020-05-09 12:38:25'),
(33, 40, 'Oceane Windler', 'Autem quo laborum modi impedit. Numquam laborum at est tenetur doloribus. Quisquam nostrum velit odit. Quod aut alias qui eum ut illum. Consequuntur ab vitae tenetur aut similique et suscipit.', 5, '2020-05-09 12:38:25', '2020-05-09 12:38:25'),
(34, 82, 'Dr. Oliver Lang Sr.', 'Illo enim iste quisquam quis quas enim. Perspiciatis facere dolores ut. Exercitationem quod fugit in tempore et inventore.', 0, '2020-05-09 12:38:25', '2020-05-09 12:38:25'),
(35, 11, 'Santino Reynolds', 'Rem hic ea id necessitatibus facilis. Voluptatem officiis sint nesciunt. Iure nemo et vero hic est nostrum. Tempore nihil molestias ullam ab.', 0, '2020-05-09 12:38:25', '2020-05-09 12:38:25'),
(36, 92, 'Timmy Bruen', 'Quo pariatur inventore mollitia laudantium. Perspiciatis ut enim beatae libero. Laborum itaque reiciendis eaque.', 4, '2020-05-09 12:38:25', '2020-05-09 12:38:25'),
(37, 21, 'Sage Olson', 'Ex nihil aut corrupti mollitia voluptatem fugiat. Pariatur dignissimos sed nisi eum. Nihil dolor a sit neque neque porro at sit. Voluptatibus corrupti commodi architecto error.', 5, '2020-05-09 12:38:25', '2020-05-09 12:38:25'),
(38, 36, 'Bryce Bauch', 'Omnis placeat nobis dolore provident velit sint itaque. Est consectetur reiciendis quas hic. Et voluptas voluptas culpa vel.', 2, '2020-05-09 12:38:25', '2020-05-09 12:38:25'),
(39, 53, 'Alicia Zemlak', 'Ex non ut deleniti qui. Ex qui mollitia non consectetur ut sapiente porro. Rem sit tempora sit voluptatum sit iure aut. Et aperiam soluta deleniti accusamus eum. Reprehenderit quo voluptatem commodi suscipit nihil commodi ea.', 3, '2020-05-09 12:38:25', '2020-05-09 12:38:25'),
(40, 87, 'Esmeralda West', 'Voluptatum quisquam voluptate unde eligendi magnam. Eum qui rerum ea. Accusamus dolor dolorem molestiae qui nemo cum.', 2, '2020-05-09 12:38:26', '2020-05-09 12:38:26'),
(41, 64, 'Dr. Mohamed Schmidt Jr.', 'Sunt dicta explicabo maiores perspiciatis vel tenetur molestiae. Est rerum consectetur aut reiciendis rerum fugit quod. Nisi hic magnam iure ipsum mollitia et eligendi. Enim corporis beatae iusto sed hic beatae atque in.', 4, '2020-05-09 12:38:26', '2020-05-09 12:38:26'),
(42, 17, 'Josefa Dicki', 'Voluptatibus minus repellat dolores eligendi mollitia. Qui iste quia dolores mollitia veniam ipsam commodi. Assumenda consequatur commodi ut harum quia repellat. Est voluptas et quia maxime molestias. Architecto expedita blanditiis laboriosam et.', 4, '2020-05-09 12:38:26', '2020-05-09 12:38:26'),
(43, 61, 'Mrs. Sarai Waelchi', 'Ut et est corrupti fugit nihil et modi. Sint repellendus alias laudantium autem et. Sunt delectus vel facere at mollitia et.', 2, '2020-05-09 12:38:26', '2020-05-09 12:38:26'),
(44, 90, 'Neva Cole', 'Laborum est incidunt autem saepe qui velit tenetur. Voluptas laboriosam tempora commodi nihil. Error commodi adipisci qui. Dolorem quam suscipit non iusto fugit est.', 0, '2020-05-09 12:38:26', '2020-05-09 12:38:26'),
(45, 5, 'Mrs. Connie Blick MD', 'Aut vitae tenetur dolor et. Autem et voluptatem adipisci aut ab. Itaque deserunt vel quam ea dolores atque reprehenderit. Eligendi quis autem quam optio.', 2, '2020-05-09 12:38:26', '2020-05-09 12:38:26'),
(46, 99, 'Josefina Yundt', 'In velit expedita et doloribus consequatur deleniti dolorum. Perspiciatis consequatur quisquam consequatur perspiciatis natus vel perspiciatis repellat. Cumque perspiciatis dolor dolore dolorem ab sapiente delectus.', 3, '2020-05-09 12:38:26', '2020-05-09 12:38:26'),
(47, 92, 'Odie Batz IV', 'Velit reprehenderit doloribus omnis adipisci. Autem tempore saepe molestiae distinctio. Est eos tempora voluptatem inventore sunt. Quis ut non alias in excepturi sequi.', 2, '2020-05-09 12:38:26', '2020-05-09 12:38:26'),
(48, 55, 'Juana Kub', 'Quis dolorem magni fugiat. Quia non cumque ad suscipit commodi molestiae quis et. Quaerat perferendis praesentium aliquam non. Ratione sint ab est asperiores.', 3, '2020-05-09 12:38:26', '2020-05-09 12:38:26'),
(49, 57, 'Miss Shanel Russel', 'Et possimus nam rerum est modi ea totam. Minus quibusdam repellendus unde qui et impedit eum. Reprehenderit omnis aut nulla excepturi totam nesciunt doloribus. Harum ut ducimus et mollitia.', 4, '2020-05-09 12:38:26', '2020-05-09 12:38:26'),
(50, 93, 'Daren Simonis', 'Hic aut aspernatur adipisci aliquid. Quo ipsam ipsum quia qui similique dolores. Omnis harum totam incidunt et. Autem vel animi ducimus est facilis.', 4, '2020-05-09 12:38:26', '2020-05-09 12:38:26'),
(51, 62, 'Deja Ward Sr.', 'Impedit qui ipsam pariatur ab. Tenetur harum doloremque est nam quos. Non est vel nemo quo voluptatibus. Praesentium ab placeat asperiores consequatur et.', 0, '2020-05-09 12:38:26', '2020-05-09 12:38:26'),
(52, 72, 'Prof. Cleve Volkman I', 'Itaque ea velit repudiandae vel ea nostrum. Aut mollitia dolores numquam et suscipit a.', 5, '2020-05-09 12:38:26', '2020-05-09 12:38:26'),
(53, 30, 'Prof. Rhiannon Wilkinson', 'Facilis quasi veritatis cumque veritatis ut quae consequatur. Nemo voluptatum placeat minus rerum magni suscipit molestiae. Minus sed sit unde suscipit ea ratione.', 4, '2020-05-09 12:38:26', '2020-05-09 12:38:26'),
(54, 24, 'Maria Bode', 'Est ducimus repudiandae recusandae qui. Dolorum architecto suscipit eius omnis id nulla officiis id. Aut quisquam eligendi et. Voluptatum soluta voluptatem voluptate aperiam qui libero.', 2, '2020-05-09 12:38:26', '2020-05-09 12:38:26'),
(55, 3, 'Dr. Fermin Brekke', 'Ullam qui aut non molestiae accusamus. Sint dolor quia porro occaecati.', 4, '2020-05-09 12:38:26', '2020-05-09 12:38:26'),
(56, 47, 'Keyon Schmeler', 'Nobis fuga magnam consectetur eum voluptatem labore quas. Soluta sed quia et consequatur pariatur ad a. Perspiciatis vitae placeat qui dolorem sed.', 0, '2020-05-09 12:38:26', '2020-05-09 12:38:26'),
(57, 22, 'Marty Breitenberg', 'Libero suscipit velit aperiam. Accusantium modi rem saepe fugiat ut saepe. Officiis non iste culpa. Voluptatem sequi ut provident fuga odit.', 1, '2020-05-09 12:38:26', '2020-05-09 12:38:26'),
(58, 28, 'Mr. Eric Lesch', 'Esse quam molestiae harum inventore sint qui. Quidem blanditiis velit aut voluptates. Suscipit inventore tempore quia.', 1, '2020-05-09 12:38:26', '2020-05-09 12:38:26'),
(59, 83, 'Brenda Murray II', 'Asperiores perspiciatis ut aut libero molestiae fugiat. Asperiores provident qui dolorum maxime quibusdam pariatur. Eos dolorem ipsam non voluptatibus.', 5, '2020-05-09 12:38:26', '2020-05-09 12:38:26'),
(60, 48, 'Susie Halvorson MD', 'Nisi non ut quidem. Nostrum soluta ab sed. Quos dolor non sed neque vel. Quasi incidunt praesentium qui debitis molestiae.', 5, '2020-05-09 12:38:26', '2020-05-09 12:38:26'),
(61, 5, 'Jamir Rogahn II', 'Aliquam quia in illum quo. Doloremque aliquid qui et quia eum quo. Ducimus excepturi sit autem illum aut omnis dolorem.', 2, '2020-05-09 12:38:26', '2020-05-09 12:38:26'),
(62, 18, 'Prof. Larissa Abshire', 'Praesentium ut dolor unde consequatur et. Distinctio est quo quibusdam fuga sequi aliquid reprehenderit. Corporis suscipit qui vel explicabo. Ipsa perspiciatis mollitia ratione suscipit est inventore.', 3, '2020-05-09 12:38:26', '2020-05-09 12:38:26'),
(63, 57, 'Margaretta Turner', 'Impedit laboriosam hic dolores sed rerum quibusdam ea. Id ad eligendi vel reprehenderit quia quisquam. Nobis tempore maiores minus praesentium laborum exercitationem. Est rerum asperiores temporibus libero. Atque odio dolorem alias quia.', 5, '2020-05-09 12:38:26', '2020-05-09 12:38:26'),
(64, 89, 'Blake Kirlin DDS', 'Animi ut vero esse quia ut quis porro. Sint quae aut sit accusantium enim. Ut sunt aut tempore expedita qui sed ex repellendus. Omnis labore laboriosam hic aspernatur accusamus.', 5, '2020-05-09 12:38:26', '2020-05-09 12:38:26'),
(65, 33, 'Anya Hirthe II', 'Et repellendus quos sunt totam et et aut. Voluptatum nobis laboriosam quis minus dolores. Inventore similique minus quisquam unde.', 3, '2020-05-09 12:38:27', '2020-05-09 12:38:27'),
(66, 61, 'Lizzie Mraz II', 'Id illo delectus sint aut est est. Explicabo sequi quisquam et laborum itaque incidunt. Delectus voluptatem alias cum voluptatibus.', 3, '2020-05-09 12:38:27', '2020-05-09 12:38:27'),
(67, 77, 'Scottie Sipes', 'Tempore ipsam id aut. Veritatis cum quod aspernatur explicabo. Accusamus molestiae eius assumenda modi fuga minima rerum commodi. Veritatis alias animi expedita necessitatibus nihil.', 0, '2020-05-09 12:38:27', '2020-05-09 12:38:27'),
(68, 67, 'Tremayne Wiza', 'Mollitia omnis iste minima labore debitis aliquam accusantium recusandae. Ut omnis unde quia earum itaque. Quo quasi sed aspernatur error. Et inventore tempora magnam quis expedita.', 2, '2020-05-09 12:38:27', '2020-05-09 12:38:27'),
(69, 85, 'Jordyn Connelly IV', 'Voluptatibus enim nostrum ut dicta ullam. Quo quia dolore sint praesentium sed recusandae odio nemo. Ipsum deleniti deserunt eveniet ea.', 0, '2020-05-09 12:38:27', '2020-05-09 12:38:27'),
(70, 98, 'Mr. Lourdes Russel', 'Tempore ut alias quo totam ut quam nam. Deleniti dignissimos nihil suscipit cupiditate maiores enim. Beatae ipsam minus sed est itaque veniam eaque quidem. Quaerat delectus quisquam enim consectetur animi totam necessitatibus. Delectus fuga officia et dolores minus ipsam delectus aliquid.', 4, '2020-05-09 12:38:27', '2020-05-09 12:38:27'),
(71, 32, 'Julius Monahan', 'Accusantium in mollitia incidunt cumque non in possimus. Itaque vitae sequi consequuntur qui. Numquam nam corrupti esse et. Repudiandae ut adipisci ipsa qui.', 2, '2020-05-09 12:38:27', '2020-05-09 12:38:27'),
(72, 70, 'Alvina Bradtke', 'Et suscipit ipsam vitae sequi. Reiciendis saepe sequi placeat. Soluta unde sint dolores aut. Quae molestiae corporis et in rerum sunt.', 0, '2020-05-09 12:38:27', '2020-05-09 12:38:27'),
(73, 1, 'Miss Vicenta Smitham', 'Sed nostrum sit quod molestiae ut. Hic reiciendis corrupti molestias tempore. Architecto qui voluptatem repellat autem autem. Quidem accusamus perferendis aut.', 2, '2020-05-09 12:38:27', '2020-05-09 12:38:27'),
(74, 37, 'Prof. Jimmy Schulist IV', 'Explicabo quia molestias illum et odit. Voluptate reiciendis atque quae impedit. Voluptas accusantium enim distinctio officia neque officiis. Expedita rerum delectus exercitationem alias nobis doloremque consequatur. Facilis vitae sunt deleniti dignissimos est officia.', 3, '2020-05-09 12:38:27', '2020-05-09 12:38:27'),
(75, 91, 'Angelica Schamberger', 'Tenetur labore et labore perferendis et pariatur ut. Sequi et neque ea quam eos. Enim non nesciunt minus.', 4, '2020-05-09 12:38:27', '2020-05-09 12:38:27'),
(76, 32, 'Edmund Strosin', 'Blanditiis impedit similique ex. Aut vel debitis voluptatem voluptatem ut corrupti. Sint quos sed atque natus.', 1, '2020-05-09 12:38:27', '2020-05-09 12:38:27'),
(77, 97, 'Belle Howell', 'Quam aut dolor fugiat est. Excepturi molestiae animi accusamus in eos dolor. Eaque quia enim velit quo repudiandae dolor fugit.', 4, '2020-05-09 12:38:27', '2020-05-09 12:38:27'),
(78, 51, 'Brent Sanford DDS', 'Corrupti ipsam repellendus qui voluptas in. Mollitia maxime voluptatem voluptate. Aspernatur ullam eaque expedita vero repudiandae ut est explicabo.', 5, '2020-05-09 12:38:27', '2020-05-09 12:38:27'),
(79, 13, 'Miss Amaya Stokes', 'Ut magni sunt molestiae omnis. Vitae impedit soluta aut autem voluptas. Neque velit quam laborum ut in accusamus.', 0, '2020-05-09 12:38:27', '2020-05-09 12:38:27'),
(80, 98, 'Danielle VonRueden', 'Impedit quia itaque officia et maxime. Nesciunt eos adipisci soluta impedit non. Harum possimus eius quidem odio consequatur. Quam iure voluptates nam consequuntur odio consequatur reprehenderit.', 1, '2020-05-09 12:38:27', '2020-05-09 12:38:27'),
(81, 62, 'Brando Emmerich', 'Perferendis expedita quaerat enim et voluptatem. Non eum quia aut ex. Hic velit fuga hic voluptatum iure sed molestias sint. Omnis corporis in cumque vero.', 5, '2020-05-09 12:38:27', '2020-05-09 12:38:27'),
(82, 85, 'Prof. Clifford Schultz', 'Fugiat harum qui rerum sed nostrum. Et quia repudiandae aut animi enim officiis.', 4, '2020-05-09 12:38:27', '2020-05-09 12:38:27'),
(83, 4, 'Mrs. Kaci Hagenes DDS', 'Nemo veritatis molestiae nihil ad dicta sed repellendus. Ipsum cum dolores odit perspiciatis illum nobis. Voluptatibus quia autem et sit non reiciendis. Nam quisquam consectetur sed et maxime iure fuga.', 1, '2020-05-09 12:38:27', '2020-05-09 12:38:27'),
(84, 1, 'Gaston Bauch', 'Dolorem eligendi hic necessitatibus ducimus quisquam optio. Quasi explicabo in maiores voluptatem et atque. Et quam similique iusto consequatur facilis accusamus.', 4, '2020-05-09 12:38:27', '2020-05-09 12:38:27'),
(85, 14, 'Ara Robel', 'Voluptatem quidem harum accusamus consectetur asperiores. Expedita fugit maiores saepe voluptas et voluptatem possimus. Ducimus laboriosam eaque cupiditate iusto.', 1, '2020-05-09 12:38:27', '2020-05-09 12:38:27'),
(86, 43, 'Allen Hammes', 'Cumque officiis cum veritatis et sunt enim cupiditate. Mollitia tempora exercitationem velit commodi corrupti aut et. Eos odit aut doloribus at.', 4, '2020-05-09 12:38:27', '2020-05-09 12:38:27'),
(87, 65, 'Ms. Destany Pfannerstill II', 'Placeat nisi hic omnis provident nulla. Tempore laborum id nesciunt unde ut fuga. Nostrum aperiam sunt sit voluptatibus nostrum omnis. Facere minima deleniti sint minus suscipit saepe sed qui.', 4, '2020-05-09 12:38:27', '2020-05-09 12:38:27'),
(88, 54, 'Noble Miller', 'Hic impedit voluptatem odit nulla ab. Odit excepturi in nostrum esse reiciendis perferendis. Quis quia velit earum non. Eos eum eum enim recusandae libero aut eos.', 3, '2020-05-09 12:38:27', '2020-05-09 12:38:27'),
(89, 29, 'Yvonne Kiehn III', 'Enim cupiditate est consequatur quo. Autem cupiditate nesciunt similique molestiae. Placeat quisquam laborum veniam minus accusantium.', 1, '2020-05-09 12:38:27', '2020-05-09 12:38:27'),
(90, 22, 'Meaghan Nader', 'Quidem soluta soluta numquam veniam doloremque exercitationem numquam. Omnis eveniet facilis voluptas vitae aut est dolorum. Ut enim itaque est saepe assumenda eum. Est provident alias soluta eius nesciunt quis omnis.', 1, '2020-05-09 12:38:27', '2020-05-09 12:38:27'),
(91, 83, 'April Fahey Sr.', 'Adipisci qui cupiditate enim. Voluptatem sequi quasi sapiente. Voluptates corrupti labore possimus ipsam id.', 3, '2020-05-09 12:38:27', '2020-05-09 12:38:27'),
(92, 39, 'Robb O\'Connell', 'Itaque eos facere qui sint quis ullam blanditiis. Quia deserunt corrupti ut aliquid nam quibusdam. Minima accusamus inventore veritatis numquam tenetur. Voluptatem blanditiis quisquam nam ea.', 2, '2020-05-09 12:38:27', '2020-05-09 12:38:27'),
(93, 17, 'Jedidiah Lang V', 'Aut unde optio consequatur nisi debitis. Consequatur assumenda similique aperiam repudiandae harum. Occaecati non facilis deleniti omnis aut maiores eaque et. Maxime cumque quod vel.', 1, '2020-05-09 12:38:27', '2020-05-09 12:38:27'),
(94, 86, 'Cordell Luettgen', 'Fugit facilis aspernatur velit asperiores. Omnis consequatur nisi ut quibusdam sapiente dolor ipsam.', 2, '2020-05-09 12:38:28', '2020-05-09 12:38:28'),
(95, 5, 'Americo Wiza', 'Velit quibusdam ratione reprehenderit ab. Totam aut consequatur illo ratione tempore minima dolorum. Dicta numquam ab suscipit neque eos vel.', 4, '2020-05-09 12:38:28', '2020-05-09 12:38:28'),
(96, 75, 'Ena Stracke', 'Et perspiciatis nihil illum officia rerum iure voluptatem. Nulla ab commodi at sit. Reiciendis qui quia labore accusamus eaque dolorum.', 3, '2020-05-09 12:38:28', '2020-05-09 12:38:28'),
(97, 1, 'Ludie Cummerata', 'Quia voluptatibus quidem esse exercitationem sit itaque. Et sit quis dolor dicta optio reprehenderit. Vel odio dolores ipsum omnis. Debitis distinctio aut est veritatis alias.', 2, '2020-05-09 12:38:28', '2020-05-09 12:38:28'),
(98, 85, 'Susana Buckridge', 'Quia qui nostrum hic aut natus molestiae sunt. Sed beatae repudiandae ipsa alias corrupti sit. Non nam possimus laborum dignissimos fuga et sequi.', 1, '2020-05-09 12:38:28', '2020-05-09 12:38:28'),
(99, 63, 'Prof. Milo Morissette IV', 'Ut quibusdam distinctio ut ea magnam. Ullam eum dolorem perferendis ut non facilis.', 0, '2020-05-09 12:38:28', '2020-05-09 12:38:28'),
(100, 7, 'Brennan Kerluke', 'Nostrum suscipit officia architecto suscipit aut cupiditate delectus velit. Accusamus voluptatem officiis suscipit laboriosam et consequuntur. Nobis expedita aut sunt dolorem. Voluptas autem officiis ex officiis.', 0, '2020-05-09 12:38:28', '2020-05-09 12:38:28'),
(101, 31, 'Geovanni Stokes', 'Eligendi et cum fugit voluptate quia modi repudiandae optio. Non et esse et ut aliquid facilis. Libero aut qui totam ratione voluptatem voluptatum.', 1, '2020-05-09 12:38:28', '2020-05-09 12:38:28'),
(102, 28, 'Sean Considine', 'Omnis corrupti neque reiciendis nobis magni. Corporis quas eius temporibus officia aliquid similique rem. Tenetur aut quasi sed at perferendis odit. Ipsam molestiae iusto vitae eveniet voluptatem unde iusto et.', 0, '2020-05-09 12:38:28', '2020-05-09 12:38:28'),
(103, 24, 'Dr. Bradley Goodwin', 'Odio voluptas et reiciendis repudiandae accusamus. Sit quis dolorum molestias impedit. Voluptas non doloremque nihil rerum quas.', 3, '2020-05-09 12:38:28', '2020-05-09 12:38:28'),
(104, 92, 'Trisha Rutherford', 'Est consectetur quibusdam consequatur suscipit. Corporis fuga et iste aut distinctio. Iusto et qui enim est similique voluptate. Culpa consequuntur sed dolores doloribus ullam dolorum. Explicabo occaecati quia necessitatibus qui dolorum aliquid.', 3, '2020-05-09 12:38:28', '2020-05-09 12:38:28'),
(105, 81, 'Brooks Shields', 'Voluptatem autem atque voluptas voluptas aut id. Natus est ut omnis perferendis sint. Accusantium sed atque rerum possimus eum cupiditate. Possimus harum est sint et quia qui.', 5, '2020-05-09 12:38:28', '2020-05-09 12:38:28'),
(106, 27, 'Gus Halvorson', 'Explicabo itaque quisquam recusandae aut blanditiis. Eius et veniam ut. Quod ut consequatur odio sed assumenda suscipit. Autem et eos facilis ut voluptatem maiores et similique.', 1, '2020-05-09 12:38:28', '2020-05-09 12:38:28'),
(107, 88, 'Nellie Windler', 'Asperiores non dolorem aut officiis et ex saepe. Incidunt et explicabo et. Dolor delectus odio ducimus repudiandae molestiae. Et in velit rem qui corporis id.', 0, '2020-05-09 12:38:29', '2020-05-09 12:38:29'),
(108, 33, 'Elouise Bauch', 'Fuga beatae explicabo placeat quisquam aspernatur. Est eaque ex unde occaecati quod eum. Quisquam dolor autem ea soluta voluptatem.', 1, '2020-05-09 12:38:29', '2020-05-09 12:38:29'),
(109, 2, 'Theresia Okuneva', 'Quo nobis molestiae dolorem ad totam consequatur. Quaerat ipsum sequi consectetur voluptas accusantium ex qui ut. Debitis unde voluptas unde similique voluptatem et ea. Et libero doloribus cupiditate id dicta.', 1, '2020-05-09 12:38:29', '2020-05-09 12:38:29'),
(110, 83, 'Katelyn Borer DVM', 'Debitis neque consequuntur nisi numquam aspernatur similique est ea. Velit ut autem architecto non velit. Et temporibus praesentium et ea rem sunt.', 3, '2020-05-09 12:38:29', '2020-05-09 12:38:29'),
(111, 6, 'Jerald Jones', 'Eum vero delectus dolorem aut sed reprehenderit illo. Quam impedit quidem et optio cupiditate id sapiente. Numquam repellat qui aut dolores corporis.', 4, '2020-05-09 12:38:29', '2020-05-09 12:38:29'),
(112, 2, 'Naomie Hamill', 'Et nobis aut iure repudiandae deleniti accusamus qui. Possimus cumque officia quidem atque et. Quibusdam quia aut dolores odit. Dolor quod optio quo. Hic rerum error fugiat illo.', 4, '2020-05-09 12:38:29', '2020-05-09 12:38:29'),
(113, 38, 'Prof. Lavina Morar PhD', 'Inventore autem rem ducimus dolore qui magnam tenetur. Aut vel sapiente provident harum quia reiciendis. Molestiae suscipit omnis quia autem. Rerum optio iste placeat modi ut totam.', 4, '2020-05-09 12:38:29', '2020-05-09 12:38:29'),
(114, 16, 'Florian Schinner', 'Minus sed fuga possimus minima et odio rerum et. Et dolorum commodi id incidunt velit maiores ullam. Voluptates est unde perspiciatis error saepe voluptatum iusto.', 4, '2020-05-09 12:38:29', '2020-05-09 12:38:29'),
(115, 89, 'Hilda Murphy', 'Occaecati ut omnis tempora quo quisquam. Ut dolor natus beatae voluptas similique et sequi. Cumque iure exercitationem odit unde aut modi.', 0, '2020-05-09 12:38:29', '2020-05-09 12:38:29'),
(116, 14, 'Adolph Bode I', 'Quam et illum ullam in quia. Ut asperiores id accusantium architecto vel dolores. Voluptatem numquam sit officiis amet ipsum. Consequuntur placeat maiores provident maiores culpa autem ex ratione.', 3, '2020-05-09 12:38:29', '2020-05-09 12:38:29'),
(117, 97, 'Reagan Harber IV', 'Et consequatur amet consequatur dolore. Nemo velit repellendus hic voluptas doloribus quidem earum et. Qui nihil dolorem fugiat quaerat molestias perspiciatis nihil. Dicta dolores corrupti porro sed. Velit laboriosam quas cum voluptatem tempore.', 3, '2020-05-09 12:38:29', '2020-05-09 12:38:29'),
(118, 31, 'Dr. Elroy Orn', 'Reiciendis ut sit voluptates. Totam dignissimos quia dignissimos voluptatem rem officiis possimus. In quidem omnis ipsum similique est reiciendis perspiciatis. Rerum qui cumque consequatur eligendi vel.', 1, '2020-05-09 12:38:29', '2020-05-09 12:38:29'),
(119, 36, 'Wendell Stanton', 'Reiciendis asperiores voluptas ut fugit. Molestiae vel quos omnis eos reiciendis tempore. Enim et eos qui et qui.', 3, '2020-05-09 12:38:29', '2020-05-09 12:38:29'),
(120, 70, 'Benton Spinka DDS', 'Aut repellendus ipsam reprehenderit doloremque pariatur quo et ut. Est beatae consequatur aut commodi. Non nihil nisi perferendis mollitia quo illum. Officia praesentium fugit eligendi velit non.', 5, '2020-05-09 12:38:29', '2020-05-09 12:38:29'),
(121, 1, 'Dr. Hunter Hirthe MD', 'Numquam quia velit necessitatibus modi sit fugit eos. Accusamus quidem odit velit. Suscipit eos voluptate aliquid eligendi sint accusantium numquam sed. Quidem commodi libero saepe voluptas.', 4, '2020-05-09 12:38:29', '2020-05-09 12:38:29'),
(122, 82, 'Walton Larkin', 'Dolorem dolorum debitis quos ipsum qui vel voluptatem. Quod quas aut et dolore. Inventore tempore earum maxime sit.', 3, '2020-05-09 12:38:30', '2020-05-09 12:38:30'),
(123, 56, 'Aliya Zulauf', 'Maiores excepturi voluptates atque consequatur et quam. Velit eum quas tenetur. Doloremque voluptatem dolores velit hic aliquid. Voluptate repellat ut eligendi dolor.', 3, '2020-05-09 12:38:30', '2020-05-09 12:38:30'),
(124, 19, 'Zackary Schultz', 'Officia aliquam officia velit dolorum fugiat. Ipsam eveniet quia impedit sequi. Qui occaecati non repudiandae consequatur sapiente eum. Fugit et at ea facilis et iste consequuntur.', 0, '2020-05-09 12:38:30', '2020-05-09 12:38:30'),
(125, 89, 'Prof. Jalen Smith V', 'Veniam corrupti doloribus omnis earum debitis est in. Dignissimos officia et voluptatum dolorum. Corrupti et dolorum delectus dicta delectus aliquam.', 1, '2020-05-09 12:38:30', '2020-05-09 12:38:30'),
(126, 32, 'Reymundo Predovic', 'Tempore quo quas sed dolorem qui aut rerum voluptas. Est quisquam explicabo voluptatum ad minus corporis quam. Eligendi excepturi reiciendis sit. Esse aut sed accusamus.', 0, '2020-05-09 12:38:30', '2020-05-09 12:38:30'),
(127, 13, 'Kaia Carroll', 'Voluptate tenetur sint corrupti velit. Laborum fugit magnam et voluptate vero molestiae. Sint repellendus ut et alias suscipit dolorum architecto. Et incidunt sunt provident tenetur voluptatibus nemo ullam.', 4, '2020-05-09 12:38:30', '2020-05-09 12:38:30'),
(128, 73, 'Jade Heaney', 'Iusto qui voluptas nesciunt quas a necessitatibus tenetur. Sint qui sit nemo est in. Eum a enim exercitationem dignissimos placeat ut placeat.', 1, '2020-05-09 12:38:30', '2020-05-09 12:38:30'),
(129, 78, 'Leanne Ortiz', 'Est quia aspernatur sit. Accusantium voluptatem hic adipisci id consequatur explicabo. Autem non est perspiciatis neque.', 5, '2020-05-09 12:38:30', '2020-05-09 12:38:30'),
(130, 48, 'Alessandro Kuhn', 'Eveniet adipisci at rerum nam ipsam. Non quia fugit alias et sint aperiam rerum. Tempora dicta est facere. Labore fugiat sed corrupti voluptatem dolorum debitis aut.', 5, '2020-05-09 12:38:30', '2020-05-09 12:38:30'),
(131, 21, 'Dr. Lorenzo Bashirian II', 'Iure velit porro voluptas voluptate perferendis quasi et ab. Aspernatur fugit reprehenderit et delectus et. Facilis animi atque beatae quis placeat atque accusamus. Temporibus saepe eum omnis nemo.', 4, '2020-05-09 12:38:30', '2020-05-09 12:38:30'),
(132, 7, 'Dr. Mellie Auer', 'Non voluptas quaerat quas officiis illum. Pariatur laudantium libero laudantium doloribus fuga fugit. Voluptas porro qui in aspernatur sequi laboriosam. Dolores aut dolorum qui ut. Soluta veniam sed culpa.', 3, '2020-05-09 12:38:30', '2020-05-09 12:38:30'),
(133, 7, 'Giles Russel', 'Non aut error reiciendis accusantium et. Iure sit eum dolor sunt. Nihil et accusamus dolorem animi sed libero. Vitae illo qui praesentium sint ex aut.', 5, '2020-05-09 12:38:30', '2020-05-09 12:38:30'),
(134, 88, 'Scot Ward', 'Natus eveniet voluptates ipsa rem omnis est recusandae nihil. Alias id laudantium ab minima quis hic. Omnis ipsa mollitia accusamus sunt.', 2, '2020-05-09 12:38:30', '2020-05-09 12:38:30'),
(135, 51, 'Dr. Ernest Pouros II', 'Qui iure deserunt ratione ipsam est reprehenderit. Sed ea reprehenderit quis impedit optio placeat. Et quo dolore consequatur ipsa. Aspernatur nam dolorum sunt sint rerum in aut.', 0, '2020-05-09 12:38:30', '2020-05-09 12:38:30'),
(136, 69, 'Mr. Christop Breitenberg', 'Fugit velit itaque accusamus aut. Est sit rem et eaque ipsam architecto enim. Maxime quia vero nesciunt magni.', 5, '2020-05-09 12:38:30', '2020-05-09 12:38:30'),
(137, 70, 'Shany Johns', 'Quas voluptatum repudiandae necessitatibus. Ut pariatur porro dolore officia. Est sequi incidunt explicabo doloremque inventore voluptatem omnis repudiandae. Occaecati non sequi blanditiis.', 0, '2020-05-09 12:38:30', '2020-05-09 12:38:30'),
(138, 78, 'Abbie Pollich', 'Quia facere sint et pariatur voluptatem reiciendis ducimus. Enim accusamus veritatis vel et laborum. Ut adipisci impedit sequi neque dolorem nam. Quia distinctio non modi voluptas ut et.', 0, '2020-05-09 12:38:30', '2020-05-09 12:38:30'),
(139, 80, 'Van Harvey', 'Officia voluptatem et nihil magnam. Veniam autem hic qui quis molestiae totam. Omnis adipisci quia unde eum rerum aut. Ratione fugit voluptatem voluptatem qui quia dolor.', 0, '2020-05-09 12:38:30', '2020-05-09 12:38:30'),
(140, 76, 'Estelle Stark', 'Atque aut voluptatem architecto voluptatum neque officiis. Doloribus qui est aut temporibus. Rerum molestiae recusandae illo non reiciendis. Amet est harum temporibus reiciendis laudantium eius.', 1, '2020-05-09 12:38:30', '2020-05-09 12:38:30'),
(141, 86, 'Javier Lueilwitz IV', 'Nam eum nihil quam perspiciatis ab et quos. Et placeat dicta quibusdam reiciendis. Et ut nemo consectetur maxime culpa laudantium optio.', 2, '2020-05-09 12:38:30', '2020-05-09 12:38:30'),
(142, 77, 'Lenna Crist', 'Nihil quae unde repellat. Dolorem itaque voluptatum quas ut doloremque corrupti enim. Nostrum nihil adipisci occaecati consequatur et.', 0, '2020-05-09 12:38:30', '2020-05-09 12:38:30'),
(143, 73, 'Amber Kreiger', 'Voluptatem error quidem repellat eos doloremque. Dolores sit recusandae est aut velit. Consequatur quo sed officiis illo quis minima et.', 2, '2020-05-09 12:38:30', '2020-05-09 12:38:30'),
(144, 39, 'Luciano Witting PhD', 'Similique maiores rerum omnis omnis. Pariatur ut quis et et. Voluptate sed aut iste quibusdam. Impedit non itaque velit distinctio dignissimos.', 2, '2020-05-09 12:38:31', '2020-05-09 12:38:31'),
(145, 29, 'Elsie Cremin', 'Voluptas id qui odio ut et architecto. Quo porro perferendis quos fugiat quo. Velit vel assumenda tenetur veniam aut qui et officiis. Nam et architecto facilis dignissimos doloribus mollitia et.', 1, '2020-05-09 12:38:31', '2020-05-09 12:38:31'),
(146, 3, 'Prof. Unique Littel', 'Voluptatem consequatur nobis adipisci nobis neque iste. Aut enim veniam cum earum sint.', 3, '2020-05-09 12:38:31', '2020-05-09 12:38:31'),
(147, 7, 'Rae Cruickshank', 'Iusto quia praesentium dolorum assumenda voluptatibus. A rerum ipsa rem cupiditate natus. Consectetur cumque consequatur necessitatibus.', 2, '2020-05-09 12:38:31', '2020-05-09 12:38:31'),
(148, 75, 'Maximo Hagenes PhD', 'Eum officiis sunt voluptatum autem nobis. Assumenda quia ut perferendis veniam eligendi sapiente ipsum. Consequatur tempora dolores facere voluptatibus neque exercitationem sed laborum. Quisquam dolorem minus facere recusandae iste.', 2, '2020-05-09 12:38:31', '2020-05-09 12:38:31'),
(149, 30, 'Khalid Ondricka', 'Qui ipsam vero ut voluptas quis non. Accusamus vel dolorum cupiditate rerum culpa. Omnis iure nihil odio nisi aperiam. Inventore blanditiis tenetur ipsam et repellat tempora sed. Natus voluptatibus et repudiandae ut odit.', 4, '2020-05-09 12:38:31', '2020-05-09 12:38:31'),
(150, 26, 'Moriah Collier', 'Veniam totam eveniet eaque nostrum dolorum voluptatem consequatur. Illo non et repudiandae accusamus. Ea nisi velit qui similique adipisci non numquam delectus. Qui aut atque incidunt quidem voluptas error error. Id cupiditate officia ex sit labore veniam atque.', 2, '2020-05-09 12:38:31', '2020-05-09 12:38:31'),
(151, 58, 'Chyna O\'Reilly', 'Molestiae dolores quis minus repellat praesentium. Quo enim possimus facilis nostrum aperiam. Unde nam expedita animi eaque suscipit.', 4, '2020-05-09 12:38:31', '2020-05-09 12:38:31'),
(152, 17, 'Ursula Welch Jr.', 'Doloremque corporis quia tempora perferendis. Voluptatem saepe nemo voluptatem eos consequatur voluptatem. Reprehenderit qui blanditiis et occaecati optio quo repellendus non. Vitae non et nemo ad rem est doloribus.', 1, '2020-05-09 12:38:31', '2020-05-09 12:38:31'),
(153, 80, 'Edward Gulgowski', 'Consequatur minima error dolores placeat dicta. Corrupti sed aliquam sed eveniet optio. A velit soluta laboriosam ipsum et. Qui est tempora quaerat.', 2, '2020-05-09 12:38:31', '2020-05-09 12:38:31'),
(154, 14, 'Rosella Effertz', 'Quisquam neque earum dicta recusandae. Consequatur doloribus similique minus sed iusto. Aut dolorum dolorem dignissimos ullam culpa fuga. Sapiente cumque sapiente molestias vel qui aliquid harum.', 3, '2020-05-09 12:38:31', '2020-05-09 12:38:31'),
(155, 76, 'Edyth Walter', 'Optio sint assumenda deserunt id et reprehenderit. Dolor ut iure est quis quisquam. Enim voluptatibus qui illum rerum. Exercitationem velit sed eum officia ratione.', 2, '2020-05-09 12:38:31', '2020-05-09 12:38:31'),
(156, 11, 'Kellen Leuschke', 'Ipsam qui odit voluptas. Itaque est neque suscipit et. Laborum qui nisi fuga voluptate tempora voluptatibus est velit. Error suscipit nihil dolorem ullam sed facilis.', 5, '2020-05-09 12:38:31', '2020-05-09 12:38:31'),
(157, 7, 'Mr. Johann Gerlach', 'Ut sit consequuntur sit illo rem. Assumenda et adipisci numquam nihil doloribus. Non est et praesentium nulla alias ut laboriosam. Nihil voluptatem in consequatur dolores occaecati rerum. Molestiae magni suscipit ipsum error voluptas in eum aut.', 5, '2020-05-09 12:38:31', '2020-05-09 12:38:31'),
(158, 20, 'Prof. Brad Ullrich', 'At aut ut quidem iusto non. Rem nesciunt sed ipsum non dolores repellat culpa. Et et ipsa aut aut.', 1, '2020-05-09 12:38:31', '2020-05-09 12:38:31'),
(159, 50, 'Ubaldo Huels', 'Nobis sit in quidem excepturi cupiditate. Exercitationem quod dolor itaque consequatur. Rerum quia sed a non autem. Quasi qui et dolorem quia aut sunt voluptates.', 4, '2020-05-09 12:38:31', '2020-05-09 12:38:31'),
(160, 70, 'Prof. Alexie Renner DVM', 'Odit enim cum perspiciatis omnis eligendi. Aut animi maxime dolores. Temporibus odit asperiores voluptatem veniam libero aut. Fuga tenetur excepturi eum. Eos at ducimus tempore vitae est.', 0, '2020-05-09 12:38:31', '2020-05-09 12:38:31'),
(161, 49, 'Dr. Abigayle Macejkovic', 'Rem et exercitationem voluptatem voluptatum. Veniam laborum eos dolore et.', 1, '2020-05-09 12:38:31', '2020-05-09 12:38:31'),
(162, 42, 'Chad McCullough', 'Architecto doloremque sunt repudiandae reprehenderit reiciendis earum. Saepe at quas rerum ipsam. Non nam hic neque laboriosam veritatis.', 0, '2020-05-09 12:38:31', '2020-05-09 12:38:31'),
(163, 17, 'Nettie Kunze', 'Alias atque exercitationem nobis vel. Cumque in velit aut amet ducimus eveniet sed consequuntur. Dolore culpa sapiente qui aut quod itaque doloribus. Odio quo atque qui.', 4, '2020-05-09 12:38:31', '2020-05-09 12:38:31'),
(164, 23, 'Rashad Moen', 'Est hic modi eum iure. Eveniet id et libero. Sed modi consequatur architecto odit itaque hic soluta. Eum quaerat autem hic rerum.', 4, '2020-05-09 12:38:31', '2020-05-09 12:38:31'),
(165, 46, 'Brent Lemke', 'Ea est blanditiis sunt tempora at eaque enim. Eum aut voluptas officia aut possimus. Qui voluptatem debitis aspernatur quisquam numquam voluptas. Atque quaerat nihil natus delectus qui quia.', 3, '2020-05-09 12:38:31', '2020-05-09 12:38:31'),
(166, 31, 'Miss Asa Pfeffer I', 'Perferendis recusandae voluptatem magni quibusdam voluptas. Vel sapiente aut nihil voluptas recusandae non. Nulla enim vero consequatur est voluptas quod mollitia.', 0, '2020-05-09 12:38:31', '2020-05-09 12:38:31'),
(167, 50, 'Beau Stark', 'Molestiae recusandae atque quod quia voluptatum reprehenderit ullam maxime. Nisi laborum suscipit iusto sint ducimus odit. Pariatur molestiae sit deleniti et eum. Tenetur porro delectus mollitia deserunt neque et.', 5, '2020-05-09 12:38:31', '2020-05-09 12:38:31'),
(168, 40, 'Kylee Reichel', 'Sit aut veniam quae aut minima harum earum. Rerum possimus alias eos accusantium. Iste voluptatum illum corporis laboriosam. Dicta ut culpa odit quas nobis.', 0, '2020-05-09 12:38:31', '2020-05-09 12:38:31'),
(169, 69, 'Sheldon Nicolas DVM', 'Occaecati fugiat repudiandae sint veniam. Voluptatem assumenda porro fugiat blanditiis. Officiis nemo quibusdam maiores necessitatibus sequi et.', 5, '2020-05-09 12:38:31', '2020-05-09 12:38:31'),
(170, 97, 'Bobby Kub', 'Facilis eaque sapiente totam sunt earum. Dolorem molestiae est nostrum sit corporis nulla perspiciatis. Rerum ipsum et sunt nihil ut enim voluptas. Necessitatibus quos atque eius doloribus non et.', 4, '2020-05-09 12:38:31', '2020-05-09 12:38:31'),
(171, 21, 'Miss Annetta Koss MD', 'Vitae perferendis omnis quisquam et magni eos dolorum. Aut ut rerum culpa ipsum. Quia sunt doloribus a in animi. Molestias quod ex saepe quis itaque assumenda.', 0, '2020-05-09 12:38:31', '2020-05-09 12:38:31'),
(172, 49, 'Oran Bradtke', 'Culpa veniam quam officia libero similique corporis temporibus. Et est illo in voluptas rerum occaecati. Quam amet voluptas alias sit dolor dolor repudiandae. Quis amet dolor est natus. Iste quae aspernatur voluptate dolore rerum.', 5, '2020-05-09 12:38:31', '2020-05-09 12:38:31'),
(173, 57, 'Nico Mitchell', 'Illo molestiae dolor dolores nam vel et est. Sunt odio ad neque maiores. Sunt ut vero et fuga explicabo.', 5, '2020-05-09 12:38:31', '2020-05-09 12:38:31'),
(174, 6, 'Cortez Johnson', 'Perspiciatis officia dolore nihil rerum. Qui omnis qui est autem. Corrupti blanditiis quam sequi dignissimos aperiam ipsum saepe. Rerum ipsa quia expedita qui.', 2, '2020-05-09 12:38:31', '2020-05-09 12:38:31'),
(175, 77, 'Kristin Nienow', 'Sunt dolor reprehenderit totam cupiditate dolore rerum. Nostrum repudiandae repellat quis est qui perferendis aspernatur. Est libero quia provident officiis quam.', 4, '2020-05-09 12:38:32', '2020-05-09 12:38:32'),
(176, 63, 'Rosa Blick', 'Debitis quisquam aut maxime a maiores. Aut excepturi odit et voluptas. Velit quaerat earum veritatis molestiae provident. Amet quia ut sapiente.', 2, '2020-05-09 12:38:32', '2020-05-09 12:38:32'),
(177, 100, 'Prof. Magnolia Luettgen', 'Quibusdam nihil ut dignissimos voluptatem ea debitis ea rerum. Praesentium voluptatum eos molestiae saepe et dolores. Laborum sit harum sed voluptatum. Voluptatem magnam quis quod eos.', 0, '2020-05-09 12:38:32', '2020-05-09 12:38:32'),
(178, 81, 'Leopold Walker', 'Architecto ratione tempore est quis eos. Quis quis est dolorem est dolorem assumenda sit. Consequuntur amet et inventore et dolores ullam est. Tempore dolor pariatur cupiditate.', 4, '2020-05-09 12:38:32', '2020-05-09 12:38:32'),
(179, 3, 'Javon Rath', 'Officiis reiciendis sint sint et rem. Incidunt sequi tempora cumque ea a alias. Voluptatem quibusdam maxime dolorum impedit adipisci. Sed quia iusto ut consequatur ut.', 2, '2020-05-09 12:38:32', '2020-05-09 12:38:32'),
(180, 17, 'Jamir Gutkowski', 'Earum est ratione consectetur omnis praesentium temporibus. Veniam earum ut ut eum. Voluptatem ullam pariatur numquam fugiat. Omnis consequatur voluptas est ea deleniti nisi.', 2, '2020-05-09 12:38:32', '2020-05-09 12:38:32'),
(181, 39, 'Janick Bayer', 'Est maiores quisquam ut quo possimus ea. Eum voluptate totam iste ea officia. Laborum aut quos vero expedita voluptatum vel. Ipsa voluptas voluptatem pariatur animi deserunt occaecati.', 4, '2020-05-09 12:38:32', '2020-05-09 12:38:32'),
(182, 72, 'Carole Moore DDS', 'Reprehenderit consequatur dolores libero voluptate enim natus rem. Soluta corrupti nulla nobis. Nihil eum voluptas sit reprehenderit sed earum sapiente.', 5, '2020-05-09 12:38:32', '2020-05-09 12:38:32'),
(183, 96, 'Wiley Effertz', 'Et vel sapiente sequi. Fugit voluptas nesciunt id. Vel soluta exercitationem quo cum non blanditiis accusantium.', 1, '2020-05-09 12:38:32', '2020-05-09 12:38:32'),
(184, 81, 'Samantha Shanahan', 'Vel saepe debitis numquam pariatur. Sint sint et recusandae quod. Modi tempora esse officiis et laudantium id.', 1, '2020-05-09 12:38:32', '2020-05-09 12:38:32'),
(185, 89, 'Evans Senger', 'Tempore voluptas at ipsa aut vel. Aliquam praesentium ut est cupiditate enim. Voluptatum qui suscipit velit et. Ullam odit quas odit eos eum ab.', 1, '2020-05-09 12:38:32', '2020-05-09 12:38:32'),
(186, 16, 'Alexane McClure DVM', 'Culpa praesentium placeat dignissimos et aut eos quia. Blanditiis eos dolorem necessitatibus consequatur. Eum quia ut culpa voluptas corrupti quia omnis. Illum quo in voluptates dolor inventore. Occaecati omnis provident exercitationem suscipit quis velit.', 2, '2020-05-09 12:38:32', '2020-05-09 12:38:32'),
(187, 92, 'Lamont Kerluke', 'Suscipit error fugiat sint veniam. Est aspernatur quo voluptatem qui. Adipisci earum harum nisi corporis. Recusandae modi in sunt nulla est quaerat et at. Eos est vitae reiciendis sed ut ut aut.', 1, '2020-05-09 12:38:33', '2020-05-09 12:38:33'),
(188, 54, 'Dr. Kim O\'Reilly II', 'Eum quis distinctio rerum ex. Quos et ullam culpa assumenda. Autem officiis iste maxime quia. Non minima aperiam minus deserunt ea delectus optio.', 0, '2020-05-09 12:38:33', '2020-05-09 12:38:33'),
(189, 75, 'Dr. Jade Willms DDS', 'Et necessitatibus et dolorem atque autem qui. Quo omnis et sint. Minima ratione vitae dolor dolore distinctio. Eaque dolores reiciendis repellendus voluptatum magni vel.', 3, '2020-05-09 12:38:33', '2020-05-09 12:38:33'),
(190, 81, 'Dora Hamill', 'Vel voluptatem minus accusamus esse non. Non quis expedita ullam fugiat corrupti mollitia officiis. Minus id eaque ab. Repudiandae adipisci dolorum est quia vitae enim.', 1, '2020-05-09 12:38:33', '2020-05-09 12:38:33'),
(191, 85, 'Winona Harber', 'Repellat itaque odio pariatur. Et quaerat id deleniti aliquid recusandae harum sunt. Neque velit eum animi. Consequatur architecto dolor sed et.', 5, '2020-05-09 12:38:33', '2020-05-09 12:38:33'),
(192, 32, 'Leonel Prohaska', 'Quo ad aspernatur maiores et aut molestias recusandae. Debitis quos nostrum nihil dolor delectus numquam. Dolores eos enim numquam deleniti.', 2, '2020-05-09 12:38:33', '2020-05-09 12:38:33'),
(193, 32, 'Howell Schmidt', 'Cumque et aliquid at vel. Vitae et fugit similique maxime. Expedita harum quo repudiandae dolor itaque.', 0, '2020-05-09 12:38:33', '2020-05-09 12:38:33'),
(194, 23, 'Leonard Schiller', 'Officia odit sit facere iure quos tempora. Vitae similique dignissimos est dolor. Praesentium reprehenderit eaque quia.', 1, '2020-05-09 12:38:33', '2020-05-09 12:38:33'),
(195, 45, 'Neal Mayer', 'Suscipit ducimus quas quidem non rerum quo ut omnis. Ut magnam sint aut ea beatae alias.', 2, '2020-05-09 12:38:33', '2020-05-09 12:38:33'),
(196, 14, 'Mr. Isaias Swift', 'Delectus nihil numquam deserunt expedita. Veritatis expedita voluptatum rerum et. Praesentium dolores doloremque et ut libero sed. Sed repudiandae sint corrupti perferendis necessitatibus.', 2, '2020-05-09 12:38:33', '2020-05-09 12:38:33'),
(197, 33, 'Ms. Agnes Wuckert', 'Est ipsum consectetur deserunt hic nulla aliquam. Tempore occaecati consequuntur in impedit reiciendis repudiandae quos. Eaque quasi doloribus asperiores aperiam sit.', 4, '2020-05-09 12:38:34', '2020-05-09 12:38:34'),
(198, 34, 'Wilmer Lueilwitz Sr.', 'Sint neque nam quia quia eligendi. Sed tenetur perspiciatis eaque qui omnis inventore dolor. Accusantium necessitatibus dolore nulla a praesentium sunt doloribus. Magni quis cumque vel laborum quod.', 5, '2020-05-09 12:38:34', '2020-05-09 12:38:34'),
(199, 76, 'Otto Kling DDS', 'Autem non veritatis quae voluptas suscipit voluptates harum. Odio praesentium quas fugiat sit esse. Amet modi hic amet quibusdam consequatur est. Aut est nam itaque et maxime iusto. Fuga laudantium voluptatum velit et facilis animi aut.', 2, '2020-05-09 12:38:34', '2020-05-09 12:38:34'),
(200, 85, 'Leta Cummerata', 'Impedit laborum ut nemo voluptates voluptatem consequatur. Ea praesentium et minima libero quidem quis. Eligendi ipsa molestiae voluptatem voluptatem excepturi.', 0, '2020-05-09 12:38:34', '2020-05-09 12:38:34'),
(201, 58, 'Alia Wisozk', 'Sint aliquam perferendis voluptate eos. Tempora qui odit doloremque iste necessitatibus sed dicta. Repellendus qui suscipit distinctio.', 1, '2020-05-09 12:38:34', '2020-05-09 12:38:34'),
(202, 47, 'Miss Nicole Moen', 'Esse velit dolorem non nostrum at laboriosam. Qui ab qui odit necessitatibus nihil. Tenetur facilis quidem ea quam non velit magnam. Et unde praesentium dolorum cumque voluptate dignissimos commodi.', 4, '2020-05-09 12:38:34', '2020-05-09 12:38:34'),
(203, 38, 'Rhea Kautzer DVM', 'Amet eum vero ad corrupti fugit. Non rerum consequatur porro inventore nesciunt. Nobis culpa rerum consequatur sit debitis hic.', 4, '2020-05-09 12:38:34', '2020-05-09 12:38:34'),
(204, 17, 'Casimer Kiehn', 'Et corporis incidunt aliquid aut. Nobis facere accusamus voluptatem. Facilis qui accusamus enim pariatur in. Nemo animi odit dolore quasi et inventore.', 4, '2020-05-09 12:38:34', '2020-05-09 12:38:34'),
(205, 44, 'Mr. Trent Schmeler DDS', 'Qui rem fuga minus voluptas. Eligendi voluptatibus iste laboriosam ducimus voluptate. Iure reiciendis nemo excepturi et voluptas iste animi. Et omnis non harum tempore asperiores.', 2, '2020-05-09 12:38:34', '2020-05-09 12:38:34'),
(206, 44, 'Prof. Manuel Zieme', 'Ut est sunt id. Esse accusantium suscipit officia facilis officia maiores. Et autem voluptatem odit atque sed aut et officia. Consequuntur minus cupiditate eos qui.', 4, '2020-05-09 12:38:34', '2020-05-09 12:38:34');
INSERT INTO `reviews` (`id`, `product_id`, `customer`, `review`, `star`, `created_at`, `updated_at`) VALUES
(207, 83, 'Dr. Dayton Grant', 'Molestiae ipsa quibusdam doloremque alias fuga eum cupiditate. Qui sed accusamus beatae ullam. Ut repellendus est voluptas harum omnis et.', 2, '2020-05-09 12:38:34', '2020-05-09 12:38:34'),
(208, 96, 'Mrs. Leola Schultz', 'Impedit ea odit non dolores veritatis impedit. Molestias hic ut et enim aliquam nobis et. Quis quia consequuntur tenetur et quasi. In qui est eveniet sed possimus autem.', 3, '2020-05-09 12:38:34', '2020-05-09 12:38:34'),
(209, 53, 'Ramona Hagenes', 'Quod deleniti vero numquam accusamus voluptatem architecto qui. Corporis veritatis qui iusto ea autem. Autem provident odio voluptatibus dolores dolorem voluptas illo. Qui sit vel magnam consequatur voluptatem.', 4, '2020-05-09 12:38:34', '2020-05-09 12:38:34'),
(210, 100, 'Tristian Johns', 'Aut perspiciatis eos exercitationem officia qui numquam non optio. Vero mollitia dolorem delectus eum. Totam est voluptate illum vero hic facilis nesciunt.', 5, '2020-05-09 12:38:34', '2020-05-09 12:38:34'),
(211, 31, 'Louvenia Thompson', 'Ut qui quia facere. Quis quas eos sit ut. Illo at soluta iste ipsum sit pariatur quasi. Aliquid qui quaerat corporis eligendi.', 4, '2020-05-09 12:38:34', '2020-05-09 12:38:34'),
(212, 71, 'Marlon Williamson', 'Architecto et molestiae occaecati ut. Ducimus necessitatibus nam sapiente dolores. Culpa ut sapiente est praesentium velit consequatur quia. Ea eligendi est ab sed quaerat.', 0, '2020-05-09 12:38:34', '2020-05-09 12:38:34'),
(213, 30, 'Mr. Maverick Greenholt MD', 'Et rerum sunt rerum eos cupiditate. Odit rerum tempora alias magnam. Omnis asperiores ipsum porro fuga veritatis saepe excepturi. Ut rerum provident expedita nihil et quasi pariatur culpa. Eligendi harum error voluptas et quod ipsam.', 3, '2020-05-09 12:38:34', '2020-05-09 12:38:34'),
(214, 91, 'Friedrich Fritsch MD', 'Nemo delectus maiores libero nihil magni repellat ea. Ab laudantium amet hic cumque laboriosam. Inventore molestiae quam quidem ea. Rem magnam unde quisquam in et natus quasi iusto.', 0, '2020-05-09 12:38:35', '2020-05-09 12:38:35'),
(215, 9, 'Prof. Carmine Gutmann I', 'Accusantium quidem eos consequuntur laborum alias recusandae. Quas dolores dolorem quia vel et.', 3, '2020-05-09 12:38:35', '2020-05-09 12:38:35'),
(216, 47, 'Garnett Cruickshank', 'Quos dolores eaque et consectetur iusto facere delectus. Mollitia voluptatum non voluptas libero consequuntur aut cum. Excepturi aut cumque veniam non accusantium. Laudantium et est inventore veritatis.', 3, '2020-05-09 12:38:35', '2020-05-09 12:38:35'),
(217, 95, 'Ollie Koch V', 'Sed qui laboriosam nesciunt illo. Accusantium laudantium adipisci sed rem. Eaque dicta id est accusantium qui.', 1, '2020-05-09 12:38:35', '2020-05-09 12:38:35'),
(218, 90, 'Baby Price', 'Consequatur id autem enim et recusandae incidunt qui veritatis. Provident ut ipsum cum totam a enim. Inventore at aut et quia veniam rerum.', 0, '2020-05-09 12:38:35', '2020-05-09 12:38:35'),
(219, 68, 'Felicity Spencer', 'Nostrum nostrum blanditiis quidem possimus corporis et molestias harum. Eius quia perferendis sed laboriosam consequatur dolores corrupti fugit. Voluptate nam assumenda recusandae ut omnis sed quis. Et deserunt corrupti autem vel.', 5, '2020-05-09 12:38:35', '2020-05-09 12:38:35'),
(220, 95, 'Lauretta Goodwin MD', 'Nam rerum natus recusandae laudantium. Vitae beatae dolore sit. Facilis et iste est non quidem quo hic.', 2, '2020-05-09 12:38:35', '2020-05-09 12:38:35'),
(221, 57, 'Kaylin Becker', 'Dolor itaque dolores ut voluptas. Ad repellat perferendis cum facilis qui. Dolorum et totam aspernatur voluptatum assumenda velit nesciunt. Incidunt ipsam odio qui adipisci.', 4, '2020-05-09 12:38:36', '2020-05-09 12:38:36'),
(222, 99, 'Dr. Charlene Crist', 'Beatae quod voluptatem iste aspernatur voluptatem qui natus. Eos labore ducimus et soluta. Non ut nihil excepturi ea non sint. Nihil ut voluptatem sit rerum molestiae aliquam.', 1, '2020-05-09 12:38:36', '2020-05-09 12:38:36'),
(223, 75, 'Dr. Lupe Pagac Jr.', 'Eum quod non eos quo. Est quis omnis unde et quisquam praesentium. Eum aliquid ut vitae ea.', 0, '2020-05-09 12:38:36', '2020-05-09 12:38:36'),
(224, 69, 'Prof. Emmitt DuBuque I', 'Possimus amet tempore officiis molestiae. Quod soluta itaque odio deserunt. Aut aperiam doloribus fugit ut voluptas dolorem optio.', 0, '2020-05-09 12:38:36', '2020-05-09 12:38:36'),
(225, 98, 'Prof. Carmella Pfannerstill', 'Dolores quam omnis quasi ut harum. Qui id tenetur doloremque repudiandae omnis laudantium fugiat.', 5, '2020-05-09 12:38:36', '2020-05-09 12:38:36'),
(226, 28, 'Mr. Jaime Waters Sr.', 'Debitis voluptas porro enim asperiores a. Quidem reprehenderit aliquam est voluptatem itaque. Est occaecati sunt sint aut repellat voluptatem. Aliquid ut deleniti sequi consequuntur sequi consequuntur.', 0, '2020-05-09 12:38:36', '2020-05-09 12:38:36'),
(227, 90, 'Thelma Stanton', 'Corporis ea quam autem minima assumenda fugit aspernatur. Delectus est voluptatem explicabo voluptas deserunt vitae consequuntur. Aliquid sequi eos nostrum labore quia placeat. Qui dolorem eos expedita saepe corrupti rerum sed.', 2, '2020-05-09 12:38:36', '2020-05-09 12:38:36'),
(228, 8, 'Rory Jacobs', 'Maiores accusantium est expedita illo et. Sunt ut doloribus et quia et possimus. Ullam saepe laboriosam laborum dolores molestiae dolore. Natus accusantium explicabo consectetur ut voluptates modi rerum.', 0, '2020-05-09 12:38:36', '2020-05-09 12:38:36'),
(229, 35, 'Dr. Elenora Medhurst', 'Repudiandae qui id placeat harum expedita nihil cupiditate. Vel vel beatae quisquam autem maiores perspiciatis eum. Recusandae repudiandae nam non commodi earum facilis omnis. Quis dolores dignissimos quaerat. Cumque optio voluptas quos numquam recusandae.', 4, '2020-05-09 12:38:36', '2020-05-09 12:38:36'),
(230, 16, 'Dalton Lowe', 'Illum quia aut voluptas eos earum. Eum eius odit quia quibusdam omnis fugit quo.', 4, '2020-05-09 12:38:36', '2020-05-09 12:38:36'),
(231, 84, 'Eliza Cronin', 'Fugiat dolorum voluptatum aperiam ut et. Incidunt quod illum soluta distinctio quia pariatur sit voluptatem. Velit ut in praesentium iure. Vero blanditiis eaque quis magnam praesentium illo.', 4, '2020-05-09 12:38:36', '2020-05-09 12:38:36'),
(232, 11, 'Tate Renner II', 'Dolores maiores omnis cupiditate recusandae facere. Beatae quod autem similique perferendis tenetur quos praesentium. Eligendi voluptates odit est eum commodi ipsum itaque sit.', 2, '2020-05-09 12:38:36', '2020-05-09 12:38:36'),
(233, 63, 'Charity Luettgen', 'Id praesentium fugit repellat culpa dolores qui velit. Quas repellat doloremque sed deleniti tenetur quasi occaecati doloremque.', 3, '2020-05-09 12:38:36', '2020-05-09 12:38:36'),
(234, 40, 'Tyreek Wolf', 'Ipsam sed temporibus impedit ut. Qui alias id ut nemo saepe.', 0, '2020-05-09 12:38:36', '2020-05-09 12:38:36'),
(235, 67, 'Alexandre Fisher', 'Fugit vero similique facilis mollitia in quis dolorum blanditiis. Deleniti vel facere quidem dolorem fugit sit accusamus aut. Officiis est dolorem odio sit. Consequuntur debitis dolorum qui consequatur aliquid recusandae corporis.', 2, '2020-05-09 12:38:36', '2020-05-09 12:38:36'),
(236, 16, 'Prof. Kailey Wilderman', 'Autem commodi adipisci molestiae velit. Quam repellendus dolorem ipsam. Velit vitae iste aut amet. Dolores quam voluptatem veniam repellendus repellat.', 0, '2020-05-09 12:38:36', '2020-05-09 12:38:36'),
(237, 71, 'Dr. Della Nicolas', 'Nostrum enim ut ut quod laudantium commodi. Illum voluptatem cupiditate necessitatibus explicabo quidem. Magni nobis debitis et corrupti minima.', 4, '2020-05-09 12:38:36', '2020-05-09 12:38:36'),
(238, 73, 'Murl Osinski V', 'Porro nostrum dolor recusandae. Explicabo dolor unde ut optio omnis occaecati aliquid voluptatibus. Sit voluptatem modi modi voluptatem quo voluptates.', 5, '2020-05-09 12:38:36', '2020-05-09 12:38:36'),
(239, 68, 'Mrs. Rossie Gorczany V', 'Non omnis exercitationem voluptatum nemo quia sed. Labore sequi dicta molestiae voluptate ipsum recusandae doloremque. Pariatur commodi quibusdam quaerat quia.', 3, '2020-05-09 12:38:37', '2020-05-09 12:38:37'),
(240, 84, 'Summer Murray', 'Numquam vero qui corrupti. Aut temporibus deleniti aut harum eligendi laboriosam saepe. Necessitatibus similique nulla omnis sit molestiae dolores pariatur temporibus. Fuga eaque consequatur eos sint.', 5, '2020-05-09 12:38:37', '2020-05-09 12:38:37'),
(241, 45, 'Prof. Hayley Lemke V', 'Officiis corporis vel recusandae corporis quia. Quo consequatur excepturi quia. Recusandae fugiat sequi optio eaque sunt enim.', 5, '2020-05-09 12:38:37', '2020-05-09 12:38:37'),
(242, 74, 'Estelle Wilkinson', 'Ut soluta aliquid sit omnis. Autem quia itaque fugit consequuntur sit. Ratione enim atque qui consectetur amet quis nihil. Maxime dolore consequuntur magni consectetur itaque quae.', 1, '2020-05-09 12:38:37', '2020-05-09 12:38:37'),
(243, 50, 'Imelda Jones', 'Sunt reprehenderit eum maxime dolorem rerum distinctio velit. Rerum dolorum quisquam eos ut asperiores iusto. Ea qui natus quod.', 0, '2020-05-09 12:38:37', '2020-05-09 12:38:37'),
(244, 32, 'Dawn Cummerata DVM', 'Natus aspernatur praesentium error modi ullam. Omnis ut reprehenderit porro quo dolorem et veniam ut. Et eius ipsa nulla rerum adipisci fugit. Non blanditiis aliquid libero dicta atque unde voluptatum.', 1, '2020-05-09 12:38:37', '2020-05-09 12:38:37'),
(245, 35, 'Adolph Moore IV', 'Doloribus quos quia est. Iusto accusantium enim necessitatibus eius. Officia optio totam alias ut. Est a dignissimos dolore eligendi voluptas.', 1, '2020-05-09 12:38:37', '2020-05-09 12:38:37'),
(246, 77, 'Joshuah Kutch', 'Culpa facilis officia fugit error aut. Aut quis et esse. Nulla inventore assumenda molestias assumenda ex deserunt odio tempora.', 3, '2020-05-09 12:38:37', '2020-05-09 12:38:37'),
(247, 100, 'Shaina Waelchi', 'Eos delectus eligendi molestiae aliquam. Non qui ipsum enim incidunt ipsam cum. In alias cupiditate id aspernatur sequi nihil. Enim voluptatem enim nam totam.', 3, '2020-05-09 12:38:37', '2020-05-09 12:38:37'),
(248, 70, 'Claudia Powlowski', 'Eaque voluptas temporibus ipsam. Iste est cum quae ullam doloremque laudantium inventore. Illum modi repudiandae repellendus occaecati animi.', 0, '2020-05-09 12:38:37', '2020-05-09 12:38:37'),
(249, 71, 'Myrna Davis', 'Accusantium fugit officia corporis. Voluptates atque aliquid nam dolorum quo qui unde.', 1, '2020-05-09 12:38:37', '2020-05-09 12:38:37'),
(250, 13, 'Dr. Candelario Bayer', 'Illo rem et sed numquam debitis. Voluptatem aut eum ducimus atque. Quidem nesciunt quidem illum numquam.', 2, '2020-05-09 12:38:37', '2020-05-09 12:38:37'),
(251, 31, 'Dr. Rico Cummerata V', 'Nisi eos distinctio cumque officiis velit sint. Et sit aut ut ex. Quia repellendus laboriosam consectetur vitae quibusdam ab.', 1, '2020-05-09 12:38:37', '2020-05-09 12:38:37'),
(252, 94, 'Ms. Vickie Schuster', 'Eos harum et quam labore deleniti rerum. Voluptas necessitatibus voluptatibus officiis doloremque aut autem. Et sed molestiae voluptatum incidunt perspiciatis aut. Ut dolorem nemo sed molestias dolores.', 2, '2020-05-09 12:38:38', '2020-05-09 12:38:38'),
(253, 28, 'Gianni Feil DDS', 'Non maiores quasi cupiditate non sit. Assumenda aliquam fugit fuga. Est deleniti beatae nesciunt veritatis.', 4, '2020-05-09 12:38:38', '2020-05-09 12:38:38'),
(254, 17, 'Delbert Marquardt PhD', 'Ipsum cumque autem voluptates repellendus et eaque nostrum. Dolorum voluptatum ea dolorem accusamus et sit. A libero qui et optio.', 1, '2020-05-09 12:38:38', '2020-05-09 12:38:38'),
(255, 93, 'Reilly Lebsack', 'Ut sequi delectus repellendus ipsa et qui. Autem tenetur aliquid quasi et qui ad voluptatibus quia. Necessitatibus eos omnis quia excepturi et vitae.', 3, '2020-05-09 12:38:38', '2020-05-09 12:38:38'),
(256, 98, 'John Murray', 'Libero nihil fuga optio voluptate error et. Cumque excepturi ut et aut sed quo aspernatur. Expedita assumenda rem reiciendis perferendis maxime omnis. Totam laborum architecto sed quo tenetur porro ducimus dolorum.', 5, '2020-05-09 12:38:38', '2020-05-09 12:38:38'),
(257, 44, 'Lacey Adams', 'Ut libero quisquam provident modi voluptatem corrupti. A distinctio ad doloribus suscipit ipsa sed. Dolor expedita sit voluptates temporibus tempora consequuntur aut doloremque. Et vel suscipit sit et doloribus rerum vel.', 3, '2020-05-09 12:38:38', '2020-05-09 12:38:38'),
(258, 67, 'Mrs. Rebekah Schumm', 'Quia architecto aliquam ut inventore similique neque consequatur. Rerum ipsum temporibus ullam eum. Rem sed maxime odit nihil quae vitae.', 5, '2020-05-09 12:38:38', '2020-05-09 12:38:38'),
(259, 75, 'Kameron Murray', 'Velit ut ea quibusdam officiis et aut eum molestias. Beatae inventore quibusdam ut delectus quasi. Et nam et similique. Molestiae debitis ut atque autem corporis aut corporis.', 2, '2020-05-09 12:38:38', '2020-05-09 12:38:38'),
(260, 89, 'Addison Wintheiser', 'Earum aut quo id deserunt nihil voluptates. Ullam dolorem autem aut nulla. Ipsum quod fuga ut laboriosam. Ipsa expedita cum facere velit aut debitis corrupti.', 2, '2020-05-09 12:38:38', '2020-05-09 12:38:38'),
(261, 3, 'Halie Breitenberg V', 'Quidem aliquid placeat et mollitia ut et. Occaecati fugit id nemo laborum nesciunt qui velit. Et et corporis saepe dolorum aut sequi labore dolore.', 4, '2020-05-09 12:38:38', '2020-05-09 12:38:38'),
(262, 87, 'Adaline Goyette', 'Mollitia sed ad facere aut exercitationem. Dolores et expedita omnis soluta nulla. Non aperiam qui laudantium asperiores ratione aperiam sed delectus.', 5, '2020-05-09 12:38:38', '2020-05-09 12:38:38'),
(263, 34, 'Clarissa DuBuque', 'Consequatur quod qui nam. Quia velit vel sit qui. Explicabo dolore aut voluptatem ea quae aspernatur. Aut ut id rerum temporibus est rerum reiciendis.', 4, '2020-05-09 12:38:38', '2020-05-09 12:38:38'),
(264, 36, 'Dr. Dylan Russel', 'Nulla a mollitia dicta laborum harum neque. Id inventore qui voluptas numquam corrupti. Sed nam ullam quo beatae vel.', 3, '2020-05-09 12:38:38', '2020-05-09 12:38:38'),
(265, 72, 'Heath Pfannerstill', 'Sint voluptas maiores et aliquam. Quo nihil eligendi quas fugit praesentium voluptatum sapiente.', 4, '2020-05-09 12:38:38', '2020-05-09 12:38:38'),
(266, 92, 'Maybelle Schmitt', 'Aut voluptatum id sint. Ut exercitationem in facilis quia earum odit vel illum. Earum et ut in iusto.', 5, '2020-05-09 12:38:38', '2020-05-09 12:38:38'),
(267, 75, 'Justus Grady', 'Deserunt aliquid eligendi reiciendis sit assumenda voluptatibus veniam. Alias dolores esse eum aperiam eveniet nobis. Corrupti qui quibusdam saepe nihil sit molestiae consequatur.', 4, '2020-05-09 12:38:39', '2020-05-09 12:38:39'),
(268, 52, 'Kevin Doyle', 'Ea eaque quis consequatur exercitationem. Velit sit qui magnam unde est rerum labore. Enim nihil blanditiis blanditiis voluptates atque possimus et eum. Quaerat voluptatem reiciendis voluptas animi quo aliquam.', 0, '2020-05-09 12:38:39', '2020-05-09 12:38:39'),
(269, 62, 'Dr. Augustine Miller III', 'Aut consequatur cupiditate quae labore omnis. Qui quod dolore illum soluta quo. Sed nemo repellat eaque quidem. Nostrum voluptatem quis quia molestias ut et quo animi.', 2, '2020-05-09 12:38:39', '2020-05-09 12:38:39'),
(270, 87, 'Kaycee Hartmann', 'Qui ea corrupti atque molestiae. Quos nam quis rerum eum consequatur. Qui ea itaque delectus quam recusandae ut. Alias voluptas voluptatem voluptatem ut.', 3, '2020-05-09 12:38:39', '2020-05-09 12:38:39'),
(271, 26, 'Dortha Kilback', 'Autem non sint officiis vel sed quibusdam cum. Explicabo expedita unde ea est eum ut. Excepturi autem aspernatur nihil voluptates possimus odio sequi.', 5, '2020-05-09 12:38:39', '2020-05-09 12:38:39'),
(272, 63, 'Amari Lindgren', 'Dolorum tempore voluptate voluptate mollitia quos rem qui. Dicta totam quibusdam ipsum voluptas quas suscipit. Voluptatem sunt voluptate ullam perspiciatis modi quibusdam.', 4, '2020-05-09 12:38:39', '2020-05-09 12:38:39'),
(273, 79, 'Lucio Waelchi DVM', 'Dicta et ut nisi itaque. Possimus molestiae qui qui occaecati omnis occaecati. Sunt cum id excepturi quisquam molestiae.', 4, '2020-05-09 12:38:39', '2020-05-09 12:38:39'),
(274, 30, 'Prof. Stephan Sauer', 'Quae pariatur dolorum doloremque nihil. Necessitatibus quia ipsam doloremque quo. Omnis quasi sed sint cumque provident porro.', 3, '2020-05-09 12:38:39', '2020-05-09 12:38:39'),
(275, 37, 'Ms. Liza Hayes Jr.', 'Rerum dicta voluptates minus sunt. Eligendi quia labore quo officiis explicabo reiciendis. Aut delectus expedita aut rerum eius est voluptas adipisci. Soluta deleniti enim sunt dicta tempore est veniam a. Id expedita fugiat nam facere sit.', 3, '2020-05-09 12:38:39', '2020-05-09 12:38:39'),
(276, 46, 'Prof. Isabella Corwin', 'Dicta eum quae aut laudantium et totam. Sint aliquam non soluta dolor atque. Et voluptatem et deserunt nemo nam ea.', 4, '2020-05-09 12:38:39', '2020-05-09 12:38:39'),
(277, 93, 'Elwyn Bailey', 'Ea aut aut necessitatibus eaque nemo modi quam deserunt. Facere commodi corrupti nesciunt nam consectetur totam. Officiis veniam veniam iusto nostrum.', 5, '2020-05-09 12:38:39', '2020-05-09 12:38:39'),
(278, 69, 'Mrs. Dakota Durgan', 'Incidunt dolores explicabo sit et pariatur. Ipsa et mollitia quam aliquid nobis. Itaque non illo reiciendis magnam excepturi quod.', 3, '2020-05-09 12:38:39', '2020-05-09 12:38:39'),
(279, 81, 'Malvina Schuster', 'Culpa veritatis dignissimos inventore sapiente eos nihil aliquam. Voluptatibus minima eum nisi et aut non debitis. Dolores asperiores iusto facilis consequatur quam. Et minus sunt ipsa molestiae nobis. Veritatis reprehenderit et ratione numquam autem tempora.', 1, '2020-05-09 12:38:39', '2020-05-09 12:38:39'),
(280, 30, 'Destinee O\'Reilly DVM', 'Ut id consequatur quo qui eos. Iusto est quo voluptatem et quis nemo. Voluptatem omnis sint consequatur minus soluta nostrum. Eligendi tenetur aperiam voluptatem molestias.', 0, '2020-05-09 12:38:39', '2020-05-09 12:38:39'),
(281, 25, 'Beverly Vandervort PhD', 'Sit aut saepe et quod ut fuga. In rerum temporibus et quam qui voluptas nihil. Qui tenetur ipsum voluptatum iure.', 1, '2020-05-09 12:38:39', '2020-05-09 12:38:39'),
(282, 50, 'Lola Powlowski', 'Qui quos temporibus consequuntur maiores molestiae iusto. Illo in voluptatum voluptatum dolore reiciendis illo. Voluptatem quo atque rerum ea voluptatibus.', 0, '2020-05-09 12:38:39', '2020-05-09 12:38:39'),
(283, 73, 'Camren Glover DDS', 'Vel non quia molestias et doloremque iure iste. Ipsum quam qui officiis ex aut. Autem sapiente aspernatur esse cupiditate fugiat natus autem.', 5, '2020-05-09 12:38:39', '2020-05-09 12:38:39'),
(284, 78, 'Abelardo Rice', 'Voluptatem doloribus et est sed. Voluptatem doloribus non consequatur possimus. Voluptates soluta excepturi magni aut quia eaque.', 1, '2020-05-09 12:38:39', '2020-05-09 12:38:39'),
(285, 99, 'Cecile Renner V', 'Asperiores provident inventore nemo. Quibusdam cum debitis exercitationem esse. Quaerat sequi esse exercitationem dolor eos beatae unde.', 5, '2020-05-09 12:38:39', '2020-05-09 12:38:39'),
(286, 10, 'Leanna Hermiston III', 'Ratione maiores reiciendis aperiam quia minus maiores. Officiis aliquid non est nostrum error sed nemo corporis.', 2, '2020-05-09 12:38:39', '2020-05-09 12:38:39'),
(287, 4, 'Elena Ryan', 'Consequuntur delectus ut quisquam aliquid magni est quisquam. Tempora sunt laudantium adipisci amet. Consequatur nobis voluptatibus excepturi ratione.', 4, '2020-05-09 12:38:40', '2020-05-09 12:38:40'),
(288, 64, 'Ezra Leannon', 'Repellat laboriosam quas quas aut nemo ut. Facilis consequatur quo velit molestias autem rerum. Culpa accusantium odit nostrum dolorem officia. Quo voluptatum occaecati dolor consequatur consectetur aut dolorem.', 2, '2020-05-09 12:38:40', '2020-05-09 12:38:40'),
(289, 54, 'Dr. Tre Nicolas MD', 'Fuga quisquam fuga est repellat quas est. Asperiores qui nemo asperiores pariatur cupiditate. Facilis perspiciatis non aut consequatur.', 1, '2020-05-09 12:38:40', '2020-05-09 12:38:40'),
(290, 4, 'Blaze Braun IV', 'Nihil est unde exercitationem exercitationem quis deleniti placeat itaque. Error accusamus alias delectus hic omnis ipsa dolorem. Vel rerum numquam ducimus quaerat sequi.', 5, '2020-05-09 12:38:40', '2020-05-09 12:38:40'),
(291, 43, 'Mara McLaughlin', 'Qui similique hic dolores. Officia numquam repellendus voluptatem excepturi nihil.', 0, '2020-05-09 12:38:40', '2020-05-09 12:38:40'),
(292, 78, 'Elisa Bernier', 'Itaque pariatur dolorem sequi quia error ipsum. Perferendis aut non dolor. Nobis eos eos et dolores laboriosam. Inventore dolore minima quibusdam quod ea natus earum.', 2, '2020-05-09 12:38:40', '2020-05-09 12:38:40'),
(293, 62, 'Luna Beahan', 'Enim distinctio perspiciatis dolorem distinctio quos itaque. Consequatur temporibus quaerat et dicta repellat enim. Exercitationem et et quia eum eum libero molestias.', 3, '2020-05-09 12:38:40', '2020-05-09 12:38:40'),
(294, 35, 'Ms. Wendy Monahan', 'Ut molestiae aliquam perspiciatis perspiciatis saepe. Sed provident sunt consequatur commodi non nam et.', 1, '2020-05-09 12:38:41', '2020-05-09 12:38:41'),
(295, 24, 'Carlo Jacobs', 'Doloremque nesciunt quia eaque qui qui. Et inventore et ut corporis. Rerum beatae et est harum reprehenderit. Aliquid perferendis ut voluptatum non velit.', 3, '2020-05-09 12:38:41', '2020-05-09 12:38:41'),
(296, 16, 'Prof. Presley Tromp V', 'Dolor vitae fugit quia soluta. Laudantium est est quia voluptate unde vero sequi iste. Omnis consequatur illum aperiam molestiae. Ut optio eos recusandae expedita.', 3, '2020-05-09 12:38:41', '2020-05-09 12:38:41'),
(297, 27, 'Mr. Tyshawn Rutherford Sr.', 'Alias quaerat eaque enim ipsam vel vel non qui. Distinctio animi dolor vero consequatur asperiores neque inventore. Omnis est voluptatem dolor consectetur consequatur temporibus. Voluptas accusantium ut similique modi consequuntur optio sed.', 1, '2020-05-09 12:38:41', '2020-05-09 12:38:41'),
(298, 52, 'Ricardo Nikolaus', 'Autem at pariatur sit sapiente suscipit facere. Atque ut voluptas blanditiis voluptatem excepturi. Eum id perspiciatis facilis. Amet rem porro quo qui quia sit.', 1, '2020-05-09 12:38:41', '2020-05-09 12:38:41'),
(299, 60, 'Tiara Rosenbaum', 'Voluptas quia odio sed ab et. Alias ad iste quaerat quaerat reprehenderit molestias. Excepturi consequatur consequatur necessitatibus id deleniti quidem. Et laborum quas dolorem et neque magni nostrum delectus.', 5, '2020-05-09 12:38:41', '2020-05-09 12:38:41'),
(300, 25, 'Kenny Kiehn', 'Est itaque itaque voluptas incidunt et repellat et. Est explicabo eum asperiores quia voluptatem.', 5, '2020-05-09 12:38:41', '2020-05-09 12:38:41');

-- --------------------------------------------------------

--
-- Table structure for table `users`
--

CREATE TABLE `users` (
  `id` bigint(20) UNSIGNED NOT NULL,
  `name` varchar(255) COLLATE utf8mb4_unicode_ci NOT NULL,
  `email` varchar(255) COLLATE utf8mb4_unicode_ci NOT NULL,
  `email_verified_at` timestamp NULL DEFAULT NULL,
  `password` varchar(255) COLLATE utf8mb4_unicode_ci NOT NULL,
  `remember_token` varchar(100) COLLATE utf8mb4_unicode_ci DEFAULT NULL,
  `created_at` timestamp NULL DEFAULT NULL,
  `updated_at` timestamp NULL DEFAULT NULL
) ENGINE=InnoDB DEFAULT CHARSET=utf8mb4 COLLATE=utf8mb4_unicode_ci;

--
-- Indexes for dumped tables
--

--
-- Indexes for table `failed_jobs`
--
ALTER TABLE `failed_jobs`
  ADD PRIMARY KEY (`id`);

--
-- Indexes for table `migrations`
--
ALTER TABLE `migrations`
  ADD PRIMARY KEY (`id`);

--
-- Indexes for table `password_resets`
--
ALTER TABLE `password_resets`
  ADD KEY `password_resets_email_index` (`email`);

--
-- Indexes for table `products`
--
ALTER TABLE `products`
  ADD PRIMARY KEY (`id`);

--
-- Indexes for table `reviews`
--
ALTER TABLE `reviews`
  ADD PRIMARY KEY (`id`),
  ADD KEY `reviews_product_id_index` (`product_id`);

--
-- Indexes for table `users`
--
ALTER TABLE `users`
  ADD PRIMARY KEY (`id`),
  ADD UNIQUE KEY `users_email_unique` (`email`);

--
-- AUTO_INCREMENT for dumped tables
--

--
-- AUTO_INCREMENT for table `failed_jobs`
--
ALTER TABLE `failed_jobs`
  MODIFY `id` bigint(20) UNSIGNED NOT NULL AUTO_INCREMENT;

--
-- AUTO_INCREMENT for table `migrations`
--
ALTER TABLE `migrations`
  MODIFY `id` int(10) UNSIGNED NOT NULL AUTO_INCREMENT, AUTO_INCREMENT=11;

--
-- AUTO_INCREMENT for table `products`
--
ALTER TABLE `products`
  MODIFY `id` int(10) UNSIGNED NOT NULL AUTO_INCREMENT, AUTO_INCREMENT=101;

--
-- AUTO_INCREMENT for table `reviews`
--
ALTER TABLE `reviews`
  MODIFY `id` bigint(20) UNSIGNED NOT NULL AUTO_INCREMENT, AUTO_INCREMENT=301;

--
-- AUTO_INCREMENT for table `users`
--
ALTER TABLE `users`
  MODIFY `id` bigint(20) UNSIGNED NOT NULL AUTO_INCREMENT;

--
-- Constraints for dumped tables
--

--
-- Constraints for table `reviews`
--
ALTER TABLE `reviews`
  ADD CONSTRAINT `reviews_product_id_foreign` FOREIGN KEY (`product_id`) REFERENCES `products` (`id`) ON DELETE CASCADE;
COMMIT;

/*!40101 SET CHARACTER_SET_CLIENT=@OLD_CHARACTER_SET_CLIENT */;
/*!40101 SET CHARACTER_SET_RESULTS=@OLD_CHARACTER_SET_RESULTS */;
/*!40101 SET COLLATION_CONNECTION=@OLD_COLLATION_CONNECTION */;
